filepath,label,label_idx
/kaggle/input/datasets/vann234/coffevision-grain-cls/Sano/IMG_20250610_011551_jpg.rf.f6bbea74c9013e7ecaa9c7713b8118a6.jpg,Sano,0
/kaggle/input/datasets/vann234/coffevision-grain-cls/Sano/IMG_20250610_010251_jpg.rf.5568908eeb8e06d099acf7be76db4f45.jpg,Sano,0
/kaggle/input/datasets/vann234/coffevision-grain-cls/Danado/damaged_bean-334-_jpg.rf.14ab051dbd91537269891f727775d44f.jpg,Danado,1
/kaggle/input/datasets/vann234/coffevision-grain-cls/Sano/IMG_20250610_000532_jpg.rf.3b41644a4d8e8cb2ffde2ac178b14381.jpg,Sano,0
/kaggle/input/datasets/vann234/coffevision-grain-cls/Sano/healthy_bean-496-_jpg.rf.fc4707868888070c58a7ca9ec15d79fd.jpg,Sano,0
/kaggle/input/datasets/vann234/coffevision-grain-cls/Sano/healthy_bean-134-_jpg.rf.61532e353cc669f35b74a5f44e8e568b.jpg,Sano,0
/kaggle/input/datasets/vann234/coffevision-grain-cls/Danado/damaged_bean-6-_jpg.rf.ad8aff9d364d36086282c5c993c10678.jpg,Danado,1
/kaggle/input/datasets/vann234/coffevision-grain-cls/Sano/healthy_bean-600-_jpg.rf.36a0e8fc965c87e204a97bfb8299d24b.jpg,Sano,0
/kaggle/input/datasets/vann234/coffevision-grain-cls/Danado/damaged_bean-164-_jpg.rf.0c1192f8724222d9181dbf4fe0c9bb25.jpg,Danado,1
/kaggle/input/datasets/vann234/coffevision-grain-cls/Sano/healthy_bean-64-_jpg.rf.e9304e4b9325aaf2662012dd6ac89c0e.jpg,Sano,0
/kaggle/input/datasets/vann234/coffevision-grain-cls/Sano/healthy_bean-173-_jpg.rf.2287fec1e916cb2e4f985128689d6fa0.jpg,Sano,0
/kaggle/input/datasets/vann234/coffevision-grain-cls/Sano/healthy_bean-388-_jpg.rf.618f4726a7b540b9c8f4fdfa36c48024.jpg,Sano,0
/kaggle/input/datasets/vann234/coffevision-grain-cls/Danado/damaged_bean-457-_jpg.rf.0d62163bee597babeff19aa657444192.jpg,Danado,1
/kaggle/input/datasets/vann234/coffevision-grain-cls/Sano/healthy_bean-524-_jpg.rf.c868947b1e27725ddf5f71b396da199e.jpg,Sano,0
/kaggle/input/datasets/vann234/coffevision-grain-cls/Sano/healthy_bean-135-_jpg.rf.c6c472e610a1b7201ac9f06871b03145.jpg,Sano,0
/kaggle/input/datasets/vann234/coffevision-grain-cls/Danado/damaged_bean-273-_jpg.rf.3848736f65c95db238c7b78891164906.jpg,Danado,1
/kaggle/input/datasets/vann234/coffevision-grain-cls/Danado/damaged_bean-298-_jpg.rf.9da800634196bf1f4e4fb92e1faa8588.jpg,Danado,1
/kaggle/input/datasets/vann234/coffevision-grain-cls/Danado/damaged_bean-300-_jpg.rf.3564a3928b57ca60d54c0179ae4f5852.jpg,Danado,1
/kaggle/input/datasets/vann234/coffevision-grain-cls/Sano/healthy_bean-76-_jpg.rf.9e15740cd82038f7481234c301eb56bb.jpg,Sano,0
/kaggle/input/datasets/vann234/coffevision-grain-cls/Sano/healthy_bean-297-_jpg.rf.ae3a1b00f123078bf4ec809e093098ad.jpg,Sano,0
/kaggle/input/datasets/vann234/coffevision-grain-cls/Sano/healthy_bean-89-_jpg.rf.3b7feac5fdcf5731e05607af2eab200c.jpg,Sano,0
/kaggle/input/datasets/vann234/coffevision-grain-cls/Sano/IMG_20250609_235653_jpg.rf.d01e86f13bf6c6c48ee6b27822975f48.jpg,Sano,0
/kaggle/input/datasets/vann234/coffevision-grain-cls/Sano/IMG_20250610_014154_jpg.rf.f756cc8a80f8a88989d84976d3dd1835.jpg,Sano,0
/kaggle/input/datasets/vann234/coffevision-grain-cls/Danado/damaged_bean-365-_jpg.rf.1c64370604740775f834987c5dda60d4.jpg,Danado,1
/kaggle/input/datasets/vann234/coffevision-grain-cls/Danado/damaged_bean-67-_jpg.rf.a7d80dddce173c9b0a2f4edeea693f3e.jpg,Danado,1
/kaggle/input/datasets/vann234/coffevision-grain-cls/Sano/healthy_bean-375-_jpg.rf.79b58ffd8e1af5e642340bb516a19179.jpg,Sano,0
/kaggle/input/datasets/vann234/coffevision-grain-cls/Sano/healthy_bean-508-_jpg.rf.32b877fa3d6576802585539476166fc6.jpg,Sano,0
/kaggle/input/datasets/vann234/coffevision-grain-cls/Sano/IMG_20250610_011624_jpg.rf.1058831422b42eb82a4fff105d6e683e.jpg,Sano,0
/kaggle/input/datasets/vann234/coffevision-grain-cls/Sano/IMG_20250610_011743_jpg.rf.4c602e3d3ffc8ea4e08b14b265a3133f.jpg,Sano,0
/kaggle/input/datasets/vann234/coffevision-grain-cls/Sano/healthy_bean-425-_jpg.rf.8e4f40162095b49d3e0585f621178953.jpg,Sano,0
/kaggle/input/datasets/vann234/coffevision-grain-cls/Sano/_trashed-1752129381-IMG_20250609_232107_jpg.rf.360701b9f23eb381fe14e33ba4982592.jpg,Sano,0
/kaggle/input/datasets/vann234/coffevision-grain-cls/Danado/damaged_bean-136-_jpg.rf.30160d8f36470bc2d33f8ab87217c7a9.jpg,Danado,1
/kaggle/input/datasets/vann234/coffevision-grain-cls/Danado/damaged_bean-89-_jpg.rf.ac8edba37dc1b1eb833cb80e2075882b.jpg,Danado,1
/kaggle/input/datasets/vann234/coffevision-grain-cls/Sano/IMG_20250610_014738_jpg.rf.8447bcb15091a57593d73ef51605ccc3.jpg,Sano,0
/kaggle/input/datasets/vann234/coffevision-grain-cls/Sano/healthy_bean-148-_jpg.rf.0eaf97699df022f6eea8dfa418404818.jpg,Sano,0
/kaggle/input/datasets/vann234/coffevision-grain-cls/Danado/damaged_bean-625-_jpg.rf.b05cb942846c5ee95661ea64311b387e.jpg,Danado,1
/kaggle/input/datasets/vann234/coffevision-grain-cls/Sano/healthy_bean-566-_jpg.rf.cf765eb5acde14e6debc7239a5210d50.jpg,Sano,0
/kaggle/input/datasets/vann234/coffevision-grain-cls/Danado/damaged_bean-61-_jpg.rf.14c91cd532c23cc9b8d66a3137743d66.jpg,Danado,1
/kaggle/input/datasets/vann234/coffevision-grain-cls/Sano/healthy_bean-343-_jpg.rf.6015563f013b784bd703e4dac1dc38c5.jpg,Sano,0
/kaggle/input/datasets/vann234/coffevision-grain-cls/Sano/IMG_20250610_000132_jpg.rf.632b0a47c475e012c6893e81227940ca.jpg,Sano,0
/kaggle/input/datasets/vann234/coffevision-grain-cls/Danado/damaged_bean-322-_jpg.rf.375c79edba0f97068a06d3af8b8ab68b.jpg,Danado,1
/kaggle/input/datasets/vann234/coffevision-grain-cls/Sano/healthy_bean-319-_jpg.rf.05faa7c9aa9fa6e1dacf671be36e6629.jpg,Sano,0
/kaggle/input/datasets/vann234/coffevision-grain-cls/Sano/healthy_bean-358-_jpg.rf.8cf3a0fe0956859ea0f60da8a3b923fb.jpg,Sano,0
/kaggle/input/datasets/vann234/coffevision-grain-cls/Danado/damaged_bean-301-_jpg.rf.d199b4ceff4892580c69e3452f99981f.jpg,Danado,1
/kaggle/input/datasets/vann234/coffevision-grain-cls/Danado/damaged_bean-642-_jpg.rf.8e096e95fcb52ee1984b87a48f7ad8ba.jpg,Danado,1
/kaggle/input/datasets/vann234/coffevision-grain-cls/Danado/damaged_bean-112-_jpg.rf.9493bbf75ba376f78d7b3038e4ecab36.jpg,Danado,1
/kaggle/input/datasets/vann234/coffevision-grain-cls/Danado/damaged_bean-128-_jpg.rf.5a76ee7667f4568e67cc8a7b2d01ba99.jpg,Danado,1
/kaggle/input/datasets/vann234/coffevision-grain-cls/Sano/healthy_bean-34-_jpg.rf.59022cfb81cf4ee3e42dd015085dd326.jpg,Sano,0
/kaggle/input/datasets/vann234/coffevision-grain-cls/Sano/IMG_20250609_233707_jpg.rf.4a62bede083a6badc6ae8a3dc7330e0d.jpg,Sano,0
/kaggle/input/datasets/vann234/coffevision-grain-cls/Danado/damaged_bean-218-_jpg.rf.7f6fd0a4492ef40ee946f5206b51473b.jpg,Danado,1
/kaggle/input/datasets/vann234/coffevision-grain-cls/Sano/healthy_bean-218-_jpg.rf.7f81e2e1de8ddb21d0cfa6b21209ad5f.jpg,Sano,0
/kaggle/input/datasets/vann234/coffevision-grain-cls/Sano/IMG_20250609_235457_jpg.rf.99e0aa5164eb7bd19b1c1581981aa9a8.jpg,Sano,0
/kaggle/input/datasets/vann234/coffevision-grain-cls/Danado/damaged_bean-220-_jpg.rf.efe5a8f7f72f80ad0ec400bc563171fa.jpg,Danado,1
/kaggle/input/datasets/vann234/coffevision-grain-cls/Danado/damaged_bean-362-_jpg.rf.5095964fe26c0b1d6f6ed295cb4f505a.jpg,Danado,1
/kaggle/input/datasets/vann234/coffevision-grain-cls/Danado/damaged_bean-367-_jpg.rf.4d2a7a7c49ea41d591102bdf49953147.jpg,Danado,1
/kaggle/input/datasets/vann234/coffevision-grain-cls/Danado/damaged_bean-264-_jpg.rf.02b73902fe079e5552be28cc7ffd8aad.jpg,Danado,1
/kaggle/input/datasets/vann234/coffevision-grain-cls/Sano/IMG_20250610_002314_jpg.rf.754b29a8b7741c4000874436df3156d7.jpg,Sano,0
/kaggle/input/datasets/vann234/coffevision-grain-cls/Danado/damaged_bean-617-_jpg.rf.414fe6374b29c8cdeeccc830cd826bca.jpg,Danado,1
/kaggle/input/datasets/vann234/coffevision-grain-cls/Danado/damaged_bean-408-_jpg.rf.47d59706973c51f671e60815c99ead4a.jpg,Danado,1
/kaggle/input/datasets/vann234/coffevision-grain-cls/Sano/healthy_bean-63-_jpg.rf.a8e7ef2000bcf97669793c8bfe519785.jpg,Sano,0
/kaggle/input/datasets/vann234/coffevision-grain-cls/Danado/damaged_bean-152-_jpg.rf.01c9f48f9fb8eabe12654d02664e782f.jpg,Danado,1
/kaggle/input/datasets/vann234/coffevision-grain-cls/Danado/damaged_bean-606-_jpg.rf.375f6f22d3f77e0be153aa9d33071e27.jpg,Danado,1
/kaggle/input/datasets/vann234/coffevision-grain-cls/Danado/damaged_bean-592-_jpg.rf.a460818d0e9f2a5677bb994ca9098be0.jpg,Danado,1
/kaggle/input/datasets/vann234/coffevision-grain-cls/Sano/IMG_20250609_230502_jpg.rf.b9d5cfd658454c43aa48285c26143ae4.jpg,Sano,0
/kaggle/input/datasets/vann234/coffevision-grain-cls/Danado/damaged_bean-252-_jpg.rf.07f97734613aa3883a1ded2742a4b66b.jpg,Danado,1
/kaggle/input/datasets/vann234/coffevision-grain-cls/Sano/healthy_bean-140-_jpg.rf.fa79285e2b9fc8d0c601a2f385b13e9d.jpg,Sano,0
/kaggle/input/datasets/vann234/coffevision-grain-cls/Sano/healthy_bean-549-_jpg.rf.e6e8b9adbc39801e3a9cd116fb20574a.jpg,Sano,0
/kaggle/input/datasets/vann234/coffevision-grain-cls/Sano/IMG_20250610_005720_jpg.rf.6fe84d347cb04d5d32d08beeac1db056.jpg,Sano,0
/kaggle/input/datasets/vann234/coffevision-grain-cls/Sano/healthy_bean-8-_jpg.rf.8010d39636e42020588058c878e8f6dc.jpg,Sano,0
/kaggle/input/datasets/vann234/coffevision-grain-cls/Sano/healthy_bean-400-_jpg.rf.26be1dcb39e50d97d11fa7b9f438c8de.jpg,Sano,0
/kaggle/input/datasets/vann234/coffevision-grain-cls/Sano/healthy_bean-638-_jpg.rf.95127df1f97d9f611c299402284dfa0e.jpg,Sano,0
/kaggle/input/datasets/vann234/coffevision-grain-cls/Danado/damaged_bean-179-_jpg.rf.5c7679afb62dc38d87e341ee4b6ce072.jpg,Danado,1
/kaggle/input/datasets/vann234/coffevision-grain-cls/Sano/IMG_20250610_005910_jpg.rf.57e49b9a6359b30ec32fdced34888aa1.jpg,Sano,0
/kaggle/input/datasets/vann234/coffevision-grain-cls/Danado/damaged_bean-618-_jpg.rf.a39fa2ad241ad85b6cedb403ade5deca.jpg,Danado,1
/kaggle/input/datasets/vann234/coffevision-grain-cls/Sano/healthy_bean-517-_jpg.rf.28983f783255d23d72c4dcd8af97cd4d.jpg,Sano,0
/kaggle/input/datasets/vann234/coffevision-grain-cls/Sano/healthy_bean-51-_jpg.rf.8790c2d781ebf52188dc070cf674d794.jpg,Sano,0
/kaggle/input/datasets/vann234/coffevision-grain-cls/Sano/healthy_bean-452-_jpg.rf.14561687b36aff82d8bda4f980e4a8ba.jpg,Sano,0
/kaggle/input/datasets/vann234/coffevision-grain-cls/Danado/damaged_bean-398-_jpg.rf.a23a0959f15cc58220417b69f477fc6e.jpg,Danado,1
/kaggle/input/datasets/vann234/coffevision-grain-cls/Sano/healthy_bean-383-_jpg.rf.6c95a5e34b72c8e5239089bf9f90fcb5.jpg,Sano,0
/kaggle/input/datasets/vann234/coffevision-grain-cls/Danado/damaged_bean-193-_jpg.rf.b123ebf04d44377171b86ef29f944e67.jpg,Danado,1
/kaggle/input/datasets/vann234/coffevision-grain-cls/Sano/healthy_bean-224-_jpg.rf.ff3ae66470a4d151fe26bd3d6c6f1a5a.jpg,Sano,0
/kaggle/input/datasets/vann234/coffevision-grain-cls/Danado/damaged_bean-197-_jpg.rf.90a9623df72001f68c0d2316445ac0ab.jpg,Danado,1
/kaggle/input/datasets/vann234/coffevision-grain-cls/Danado/damaged_bean-390-_jpg.rf.27a36951e466fa458105addea8829641.jpg,Danado,1
/kaggle/input/datasets/vann234/coffevision-grain-cls/Sano/healthy_bean-30-_jpg.rf.6676507f90008c20048b8814763d0b16.jpg,Sano,0
/kaggle/input/datasets/vann234/coffevision-grain-cls/Sano/healthy_bean-10-_jpg.rf.96af2efc4a751168e774305e6e996a30.jpg,Sano,0
/kaggle/input/datasets/vann234/coffevision-grain-cls/Sano/healthy_bean-249-_jpg.rf.e7fd631f038b0b719a012d27ea2fbda8.jpg,Sano,0
/kaggle/input/datasets/vann234/coffevision-grain-cls/Danado/damaged_bean-482-_jpg.rf.8b248325a15b78acb77406d17f6556a1.jpg,Danado,1
/kaggle/input/datasets/vann234/coffevision-grain-cls/Sano/healthy_bean-100-_jpg.rf.ee6fd55bdf2f57abccee5d5e94594fa9.jpg,Sano,0
/kaggle/input/datasets/vann234/coffevision-grain-cls/Danado/damaged_bean-47-_jpg.rf.7b0c816210af8b6912fb8ea30a478e6b.jpg,Danado,1
/kaggle/input/datasets/vann234/coffevision-grain-cls/Danado/damaged_bean-635-_jpg.rf.ba9bdfdaa6b0bb75be5c6e0795778d5b.jpg,Danado,1
/kaggle/input/datasets/vann234/coffevision-grain-cls/Sano/healthy_bean-464-_jpg.rf.f2bac5ccdea32e978b54737ef4d6b947.jpg,Sano,0
/kaggle/input/datasets/vann234/coffevision-grain-cls/Danado/damaged_bean-646-_jpg.rf.d948845b2e31cd4e378a1300c266b322.jpg,Danado,1
/kaggle/input/datasets/vann234/coffevision-grain-cls/Danado/damaged_bean-613-_jpg.rf.a4695ddf07ff7240d40c0f1a64346550.jpg,Danado,1
/kaggle/input/datasets/vann234/coffevision-grain-cls/Sano/IMG_20250610_003604_jpg.rf.9e8a4721f7b7d3ee5b64ec1a9e2698c0.jpg,Sano,0
/kaggle/input/datasets/vann234/coffevision-grain-cls/Danado/damaged_bean-473-_jpg.rf.f94c5f37eb55a5c75ea2390caffb47e5.jpg,Danado,1
/kaggle/input/datasets/vann234/coffevision-grain-cls/Danado/damaged_bean-263-_jpg.rf.5d8f5893864e0ff907fd1586e463db7b.jpg,Danado,1
/kaggle/input/datasets/vann234/coffevision-grain-cls/Danado/damaged_bean-27-_jpg.rf.1e11e75db19364f246cc37b5db4a90ea.jpg,Danado,1
/kaggle/input/datasets/vann234/coffevision-grain-cls/Danado/damaged_bean-295-_jpg.rf.43a8d5dfb3318d1474d9a7b643f792ac.jpg,Danado,1
/kaggle/input/datasets/vann234/coffevision-grain-cls/Danado/damaged_bean-168-_jpg.rf.a4995aa29f1b5402fbc0bc32d84a9d1f.jpg,Danado,1
/kaggle/input/datasets/vann234/coffevision-grain-cls/Sano/healthy_bean-596-_jpg.rf.b2ed50a82971b43987650f721a9bfd07.jpg,Sano,0
/kaggle/input/datasets/vann234/coffevision-grain-cls/Sano/healthy_bean-675-_jpg.rf.98c3cd15b95bd8084e90a58df4b577ad.jpg,Sano,0
/kaggle/input/datasets/vann234/coffevision-grain-cls/Sano/healthy_bean-285-_jpg.rf.42bc9f460179fb7af5ac705f6f30b59d.jpg,Sano,0
/kaggle/input/datasets/vann234/coffevision-grain-cls/Sano/healthy_bean-175-_jpg.rf.899e3923cee798089657eb06b5c37941.jpg,Sano,0
/kaggle/input/datasets/vann234/coffevision-grain-cls/Danado/damaged_bean-42-_jpg.rf.6bc6c2e96537dacd78d26a02e853b68f.jpg,Danado,1
/kaggle/input/datasets/vann234/coffevision-grain-cls/Danado/damaged_bean-247-_jpg.rf.b0254cb6c67ad01b0258151379719434.jpg,Danado,1
/kaggle/input/datasets/vann234/coffevision-grain-cls/Danado/damaged_bean-93-_jpg.rf.770b39945fd83c5a92f8ccb5e13df8ab.jpg,Danado,1
/kaggle/input/datasets/vann234/coffevision-grain-cls/Sano/healthy_bean-324-_jpg.rf.a26a7e94c051c55e0b1ce0d7af2ad806.jpg,Sano,0
/kaggle/input/datasets/vann234/coffevision-grain-cls/Sano/IMG_20250610_005609_jpg.rf.58dafcf6f780055357300ba1c75bc0cf.jpg,Sano,0
/kaggle/input/datasets/vann234/coffevision-grain-cls/Sano/healthy_bean-657-_jpg.rf.018a483c9a366e9a6c0aa84a58c5bc03.jpg,Sano,0
/kaggle/input/datasets/vann234/coffevision-grain-cls/Danado/damaged_bean-389-_jpg.rf.fa88016e6990f41fe0d3d1d5ae33c568.jpg,Danado,1
/kaggle/input/datasets/vann234/coffevision-grain-cls/Sano/healthy_bean-287-_jpg.rf.33a0e887fc79ab0f8fda4528cad43ca3.jpg,Sano,0
/kaggle/input/datasets/vann234/coffevision-grain-cls/Danado/damaged_bean-363-_jpg.rf.5bce48218593e11c03df5ed7bf784b6e.jpg,Danado,1
/kaggle/input/datasets/vann234/coffevision-grain-cls/Danado/_trashed-1752129728-IMG_20250610_001902_jpg.rf.609d4bb914fd8256fb1031d8dd0d2b8e.jpg,Danado,1
/kaggle/input/datasets/vann234/coffevision-grain-cls/Sano/_trashed-1752129548-IMG_20250609_235538_jpg.rf.915f645ddb6357763f71ef5c979104e6.jpg,Sano,0
/kaggle/input/datasets/vann234/coffevision-grain-cls/Sano/healthy_bean-122-_jpg.rf.1b0347d0655fdc4e2f428c891e9ff3d5.jpg,Sano,0
/kaggle/input/datasets/vann234/coffevision-grain-cls/Sano/healthy_bean-570-_jpg.rf.c03ebf777ef4c531756316693b2620f0.jpg,Sano,0
/kaggle/input/datasets/vann234/coffevision-grain-cls/Danado/damaged_bean-458-_jpg.rf.1add1f81bc66a24af3512aa51858f215.jpg,Danado,1
/kaggle/input/datasets/vann234/coffevision-grain-cls/Danado/damaged_bean-416-_jpg.rf.68d9eb1f7f5b6f434c1a6d153db10572.jpg,Danado,1
/kaggle/input/datasets/vann234/coffevision-grain-cls/Sano/healthy_bean-197-_jpg.rf.c3993c7a70e86539bdf7b1b7cb5e64dc.jpg,Sano,0
/kaggle/input/datasets/vann234/coffevision-grain-cls/Danado/damaged_bean-153-_jpg.rf.c417adc19cf433e3e3348b7ec3ada885.jpg,Danado,1
/kaggle/input/datasets/vann234/coffevision-grain-cls/Sano/healthy_bean-440-_jpg.rf.543c1997e08198c4ca7c1171a0dc800d.jpg,Sano,0
/kaggle/input/datasets/vann234/coffevision-grain-cls/Danado/damaged_bean-602-_jpg.rf.bb6d98878f1aa59e22e320c0bccfb44a.jpg,Danado,1
/kaggle/input/datasets/vann234/coffevision-grain-cls/Sano/healthy_bean-670-_jpg.rf.1ff1456112765e0ecbd47bb85d6db8f9.jpg,Sano,0
/kaggle/input/datasets/vann234/coffevision-grain-cls/Danado/damaged_bean-268-_jpg.rf.51d6c9326018903155f17dbf4f2ca2a3.jpg,Danado,1
/kaggle/input/datasets/vann234/coffevision-grain-cls/Sano/healthy_bean-593-_jpg.rf.d5b678ebac6a1c6ac84f50e5db59f604.jpg,Sano,0
/kaggle/input/datasets/vann234/coffevision-grain-cls/Danado/damaged_bean-501-_jpg.rf.cfd193ddfb409a64065b2e9fe2ebdf6f.jpg,Danado,1
/kaggle/input/datasets/vann234/coffevision-grain-cls/Sano/healthy_bean-223-_jpg.rf.b38a43cd98efa8983d6be4a8c4b9246c.jpg,Sano,0
/kaggle/input/datasets/vann234/coffevision-grain-cls/Sano/IMG_20250609_233746_jpg.rf.999ef6e745394203de687ee3e74ba526.jpg,Sano,0
/kaggle/input/datasets/vann234/coffevision-grain-cls/Sano/healthy_bean-98-_jpg.rf.f585434090ee49c4731172939f711d43.jpg,Sano,0
/kaggle/input/datasets/vann234/coffevision-grain-cls/Danado/damaged_bean-304-_jpg.rf.0e725eb37c37981d28437f76b14058aa.jpg,Danado,1
/kaggle/input/datasets/vann234/coffevision-grain-cls/Sano/healthy_bean-667-_jpg.rf.8aebfded516d785d076594a7fd8ea7f6.jpg,Sano,0
/kaggle/input/datasets/vann234/coffevision-grain-cls/Sano/healthy_bean-439-_jpg.rf.598c730c76d5bf787b52d77c4476bc7b.jpg,Sano,0
/kaggle/input/datasets/vann234/coffevision-grain-cls/Sano/healthy_bean-56-_jpg.rf.6b15e8f64f2c2a8712129dec60ed2391.jpg,Sano,0
/kaggle/input/datasets/vann234/coffevision-grain-cls/Sano/healthy_bean-265-_jpg.rf.c0922642d3e1339d1aadcc445688b8a9.jpg,Sano,0
/kaggle/input/datasets/vann234/coffevision-grain-cls/Sano/healthy_bean-683-_jpg.rf.2941238eb88692d7e1192cd03dd5bc56.jpg,Sano,0
/kaggle/input/datasets/vann234/coffevision-grain-cls/Danado/damaged_bean-39-_jpg.rf.e21fd99963b1a69e6aab9d3d18a519cb.jpg,Danado,1
/kaggle/input/datasets/vann234/coffevision-grain-cls/Sano/IMG_20250610_014442_jpg.rf.78c62f641a06f2501f28c71f67725ffa.jpg,Sano,0
/kaggle/input/datasets/vann234/coffevision-grain-cls/Sano/healthy_bean-315-_jpg.rf.cbb8413c9d77ee34f3b68eab6bb8b3a2.jpg,Sano,0
/kaggle/input/datasets/vann234/coffevision-grain-cls/Danado/damaged_bean-645-_jpg.rf.8f63dd9a3e6a81203de60dba5c8b2b7b.jpg,Danado,1
/kaggle/input/datasets/vann234/coffevision-grain-cls/Danado/damaged_bean-109-_jpg.rf.6016f7b767c7645bc54e87d83a4cad23.jpg,Danado,1
/kaggle/input/datasets/vann234/coffevision-grain-cls/Danado/damaged_bean-383-_jpg.rf.04dec87acb011b6513d0740c87d90d05.jpg,Danado,1
/kaggle/input/datasets/vann234/coffevision-grain-cls/Danado/damaged_bean-293-_jpg.rf.a935af9ffa78c88eef6e9e817a0382ab.jpg,Danado,1
/kaggle/input/datasets/vann234/coffevision-grain-cls/Danado/damaged_bean-495-_jpg.rf.3c6560097905026e9be61f865430565a.jpg,Danado,1
/kaggle/input/datasets/vann234/coffevision-grain-cls/Sano/healthy_bean-444-_jpg.rf.19f5b1dbafbb81f374cdcef804b35f2f.jpg,Sano,0
/kaggle/input/datasets/vann234/coffevision-grain-cls/Danado/damaged_bean-680-_jpg.rf.6ef0647b54667e375a8237021a6cf723.jpg,Danado,1
/kaggle/input/datasets/vann234/coffevision-grain-cls/Sano/healthy_bean-466-_jpg.rf.0c673091393725ad67b239d02b400958.jpg,Sano,0
/kaggle/input/datasets/vann234/coffevision-grain-cls/Danado/damaged_bean-318-_jpg.rf.a64868f27b4e9e15e5a407c9bc246e1b.jpg,Danado,1
/kaggle/input/datasets/vann234/coffevision-grain-cls/Sano/IMG_20250610_011454_jpg.rf.7c967fb8d1e222bc8c5372e424f24d9f.jpg,Sano,0
/kaggle/input/datasets/vann234/coffevision-grain-cls/Sano/IMG_20250609_233618_jpg.rf.1ab6fda823f0d5fd5cbfd6319ef3773e.jpg,Sano,0
/kaggle/input/datasets/vann234/coffevision-grain-cls/Sano/healthy_bean-605-_jpg.rf.2babac9a009caf83c2319651a4f70984.jpg,Sano,0
/kaggle/input/datasets/vann234/coffevision-grain-cls/Sano/healthy_bean-166-_jpg.rf.896cb641cd815f68be632a987e3081c4.jpg,Sano,0
/kaggle/input/datasets/vann234/coffevision-grain-cls/Sano/healthy_bean-4-_jpg.rf.e16fb3549a4a235565fe5f32a23daea9.jpg,Sano,0
/kaggle/input/datasets/vann234/coffevision-grain-cls/Sano/healthy_bean-119-_jpg.rf.e1b350299079e86b4cbcd4bffb16e095.jpg,Sano,0
/kaggle/input/datasets/vann234/coffevision-grain-cls/Danado/damaged_bean-45-_jpg.rf.c4403e46663a2197322ad6a6cab58c67.jpg,Danado,1
/kaggle/input/datasets/vann234/coffevision-grain-cls/Danado/damaged_bean-141-_jpg.rf.2c7b3ac1aa46f78484acd7073b6f78ca.jpg,Danado,1
/kaggle/input/datasets/vann234/coffevision-grain-cls/Danado/damaged_bean-204-_jpg.rf.fe56bb84ff3be464540122ad7bd4f7ec.jpg,Danado,1
/kaggle/input/datasets/vann234/coffevision-grain-cls/Danado/damaged_bean-233-_jpg.rf.85bf0e5cb891ee87685d574c8f199be6.jpg,Danado,1
/kaggle/input/datasets/vann234/coffevision-grain-cls/Danado/damaged_bean-226-_jpg.rf.72d6715bb8e7e655f441066c3d775b17.jpg,Danado,1
/kaggle/input/datasets/vann234/coffevision-grain-cls/Danado/damaged_bean-434-_jpg.rf.632d77a0db00ada98e6af75e88a7eab7.jpg,Danado,1
/kaggle/input/datasets/vann234/coffevision-grain-cls/Sano/IMG_20250610_010045_jpg.rf.d4f179a3839d0ee0773d3725fe391f2b.jpg,Sano,0
/kaggle/input/datasets/vann234/coffevision-grain-cls/Danado/damaged_bean-3-_jpg.rf.a08bb3b4b8cb3748959c13bf42c599ea.jpg,Danado,1
/kaggle/input/datasets/vann234/coffevision-grain-cls/Sano/IMG_20250609_233556_jpg.rf.befeeb568ccb00c1f61458c6a03ebb12.jpg,Sano,0
/kaggle/input/datasets/vann234/coffevision-grain-cls/Sano/healthy_bean-627-_jpg.rf.0dc8d7c8089a40d0145d189a269d3158.jpg,Sano,0
/kaggle/input/datasets/vann234/coffevision-grain-cls/Sano/IMG_20250610_000114_jpg.rf.80e857b4113609f5cf314c904a3d0f05.jpg,Sano,0
/kaggle/input/datasets/vann234/coffevision-grain-cls/Danado/damaged_bean-406-_jpg.rf.f6b2283ad93137e3794166156001bda3.jpg,Danado,1
/kaggle/input/datasets/vann234/coffevision-grain-cls/Sano/healthy_bean-198-_jpg.rf.e6958db9f1a66e8142dfe817594abd62.jpg,Sano,0
/kaggle/input/datasets/vann234/coffevision-grain-cls/Sano/healthy_bean-672-_jpg.rf.26c4913b2e764da0a91074f5490fa28a.jpg,Sano,0
/kaggle/input/datasets/vann234/coffevision-grain-cls/Sano/healthy_bean-442-_jpg.rf.0d715aaaacafd801fdb25eb966ecefb6.jpg,Sano,0
/kaggle/input/datasets/vann234/coffevision-grain-cls/Danado/damaged_bean-256-_jpg.rf.15862b2ffe949a3b404bc6fd5db9ee2f.jpg,Danado,1
/kaggle/input/datasets/vann234/coffevision-grain-cls/Sano/healthy_bean-160-_jpg.rf.6f521e1dc482fd8055c69ac55dd4ce50.jpg,Sano,0
/kaggle/input/datasets/vann234/coffevision-grain-cls/Sano/healthy_bean-615-_jpg.rf.61121f2be83d01036b1a8c7b010dc7ba.jpg,Sano,0
/kaggle/input/datasets/vann234/coffevision-grain-cls/Sano/_trashed-1752129718-IMG_20250610_001820_jpg.rf.b631b113477629cdd075b040e215f388.jpg,Sano,0
/kaggle/input/datasets/vann234/coffevision-grain-cls/Sano/healthy_bean-256-_jpg.rf.edc8031b290ab5ca06b601a36b70aa51.jpg,Sano,0
/kaggle/input/datasets/vann234/coffevision-grain-cls/Sano/healthy_bean-366-_jpg.rf.d737d13e8ebb129c1f8dd13329a21ff9.jpg,Sano,0
/kaggle/input/datasets/vann234/coffevision-grain-cls/Danado/damaged_bean-232-_jpg.rf.59f5829f85b2263c5ef8e5f3497bf5b4.jpg,Danado,1
/kaggle/input/datasets/vann234/coffevision-grain-cls/Sano/healthy_bean-331-_jpg.rf.c8b18aa24e5696a87fc3bc7d5969dbdf.jpg,Sano,0
/kaggle/input/datasets/vann234/coffevision-grain-cls/Danado/damaged_bean-438-_jpg.rf.0d039476238d66cde3e0a291612fa78e.jpg,Danado,1
/kaggle/input/datasets/vann234/coffevision-grain-cls/Sano/healthy_bean-284-_jpg.rf.51a425587d58fd6f7e791b96716bae93.jpg,Sano,0
/kaggle/input/datasets/vann234/coffevision-grain-cls/Danado/damaged_bean-600-_jpg.rf.3bea649e3bd10ce837b823a1fc22ffaa.jpg,Danado,1
/kaggle/input/datasets/vann234/coffevision-grain-cls/Sano/healthy_bean-426-_jpg.rf.4e7fc949453be994422d7a393f885060.jpg,Sano,0
/kaggle/input/datasets/vann234/coffevision-grain-cls/Sano/IMG_20250610_003929_jpg.rf.56c0e3b34d418f287304ee713200ca14.jpg,Sano,0
/kaggle/input/datasets/vann234/coffevision-grain-cls/Danado/damaged_bean-382-_jpg.rf.73697f01863a7df8f996575b69008978.jpg,Danado,1
/kaggle/input/datasets/vann234/coffevision-grain-cls/Danado/damaged_bean-605-_jpg.rf.cdd1618655894d091c4cbf8db6d45bad.jpg,Danado,1
/kaggle/input/datasets/vann234/coffevision-grain-cls/Sano/healthy_bean-367-_jpg.rf.50f716c49f5d4c328818c28c1dc52fc4.jpg,Sano,0
/kaggle/input/datasets/vann234/coffevision-grain-cls/Sano/IMG_20250609_235713_jpg.rf.2d50eb63b508bfa866ed8a1ca40d8426.jpg,Sano,0
/kaggle/input/datasets/vann234/coffevision-grain-cls/Sano/IMG_20250610_004525_jpg.rf.b53c198230a3bc4883831f231ada8622.jpg,Sano,0
/kaggle/input/datasets/vann234/coffevision-grain-cls/Sano/healthy_bean-519-_jpg.rf.0d741ff4328797dcd2e288bd19c4eb31.jpg,Sano,0
/kaggle/input/datasets/vann234/coffevision-grain-cls/Danado/damaged_bean-608-_jpg.rf.08e808a13775f4dce2eda5a9ddddcfd2.jpg,Danado,1
/kaggle/input/datasets/vann234/coffevision-grain-cls/Danado/damaged_bean-626-_jpg.rf.d97509dcaca4cb354f4f0de722bcabc9.jpg,Danado,1
/kaggle/input/datasets/vann234/coffevision-grain-cls/Sano/healthy_bean-163-_jpg.rf.d36b0a35641abeebc3b515ae25cf0a2a.jpg,Sano,0
/kaggle/input/datasets/vann234/coffevision-grain-cls/Danado/damaged_bean-337-_jpg.rf.e88b1b7eaf64cd71bc015c6c1c7af90a.jpg,Danado,1
/kaggle/input/datasets/vann234/coffevision-grain-cls/Danado/damaged_bean-167-_jpg.rf.b2f0e7bf8a90aebb57f61b79c92e7679.jpg,Danado,1
/kaggle/input/datasets/vann234/coffevision-grain-cls/Danado/damaged_bean-682-_jpg.rf.77ac276caea639ef0940d9ac6548395e.jpg,Danado,1
/kaggle/input/datasets/vann234/coffevision-grain-cls/Danado/damaged_bean-246-_jpg.rf.6a8b6776b8cc0454d9846f87e41b958d.jpg,Danado,1
/kaggle/input/datasets/vann234/coffevision-grain-cls/Sano/healthy_bean-687-_jpg.rf.a7fe793b16901cd59e11af6bcd646c9d.jpg,Sano,0
/kaggle/input/datasets/vann234/coffevision-grain-cls/Danado/damaged_bean-670-_jpg.rf.0d8557874cbc196a4efd2d73140a42ec.jpg,Danado,1
/kaggle/input/datasets/vann234/coffevision-grain-cls/Danado/damaged_bean-323-_jpg.rf.7b1a06ff3dc3bcacbc24a15c9c45a651.jpg,Danado,1
/kaggle/input/datasets/vann234/coffevision-grain-cls/Danado/damaged_bean-195-_jpg.rf.ddd55f0843b6aaab990394b210465ae7.jpg,Danado,1
/kaggle/input/datasets/vann234/coffevision-grain-cls/Sano/healthy_bean-323-_jpg.rf.0a725be50a1a17159c9ef6312e28ba99.jpg,Sano,0
/kaggle/input/datasets/vann234/coffevision-grain-cls/Danado/damaged_bean-417-_jpg.rf.6a7cc2292c4af8888faa60330d95e2ed.jpg,Danado,1
/kaggle/input/datasets/vann234/coffevision-grain-cls/Sano/IMG_20250610_000828_jpg.rf.e20a05a88d5831375dc10690bf43ff74.jpg,Sano,0
/kaggle/input/datasets/vann234/coffevision-grain-cls/Sano/healthy_bean-478-_jpg.rf.da7a1dc8b071b6048b38cee7008219bc.jpg,Sano,0
/kaggle/input/datasets/vann234/coffevision-grain-cls/Sano/healthy_bean-219-_jpg.rf.c25c9fa499be09a87e6e6a55b32f8ed0.jpg,Sano,0
/kaggle/input/datasets/vann234/coffevision-grain-cls/Danado/damaged_bean-328-_jpg.rf.9065c1b7224878fd2c93a54349dadcac.jpg,Danado,1
/kaggle/input/datasets/vann234/coffevision-grain-cls/Danado/damaged_bean-90-_jpg.rf.7f29f9512833a6cf9fb6c918d25bc627.jpg,Danado,1
/kaggle/input/datasets/vann234/coffevision-grain-cls/Sano/healthy_bean-586-_jpg.rf.e2d4194204ca2a5fd1e22be86398108b.jpg,Sano,0
/kaggle/input/datasets/vann234/coffevision-grain-cls/Sano/IMG_20250610_013559_jpg.rf.645de0e9ed8d89d3fd9c3934058de97e.jpg,Sano,0
/kaggle/input/datasets/vann234/coffevision-grain-cls/Sano/IMG_20250610_003526_jpg.rf.095cc54445049b9b9ac98833297bfbbf.jpg,Sano,0
/kaggle/input/datasets/vann234/coffevision-grain-cls/Danado/damaged_bean-95-_jpg.rf.fd993d8f5167d499b252e311e9cf0201.jpg,Danado,1
/kaggle/input/datasets/vann234/coffevision-grain-cls/Danado/damaged_bean-11-_jpg.rf.49aca66a0f65703f63d4c464bde26919.jpg,Danado,1
/kaggle/input/datasets/vann234/coffevision-grain-cls/Sano/IMG_20250610_003236_jpg.rf.e887fa2b066f3814d76eb61187767e57.jpg,Sano,0
/kaggle/input/datasets/vann234/coffevision-grain-cls/Danado/damaged_bean-456-_jpg.rf.13a07fcacd348c95febe15b9a20e05db.jpg,Danado,1
/kaggle/input/datasets/vann234/coffevision-grain-cls/Danado/damaged_bean-222-_jpg.rf.041cda4284ce5a447fcf6fac22aab51c.jpg,Danado,1
/kaggle/input/datasets/vann234/coffevision-grain-cls/Sano/healthy_bean-620-_jpg.rf.a7783fb07b342b808ee1cce74b5de481.jpg,Sano,0
/kaggle/input/datasets/vann234/coffevision-grain-cls/Sano/IMG_20250610_010228_jpg.rf.1a4de914e9c06895dfd4411d3e7a366a.jpg,Sano,0
/kaggle/input/datasets/vann234/coffevision-grain-cls/Sano/healthy_bean-432-_jpg.rf.d40407c132022b488c4f284d4e727ce2.jpg,Sano,0
/kaggle/input/datasets/vann234/coffevision-grain-cls/Danado/damaged_bean-623-_jpg.rf.50afb48ee0fd24a54640d1ee25526fa5.jpg,Danado,1
/kaggle/input/datasets/vann234/coffevision-grain-cls/Sano/healthy_bean-437-_jpg.rf.d98b60277d0982df586dcbd4e5902c23.jpg,Sano,0
/kaggle/input/datasets/vann234/coffevision-grain-cls/Sano/healthy_bean-345-_jpg.rf.e8c67c1375430a230921dbe48cde1a63.jpg,Sano,0
/kaggle/input/datasets/vann234/coffevision-grain-cls/Sano/healthy_bean-470-_jpg.rf.3faa96ad3804a01b9eb02ffbeb6545e6.jpg,Sano,0
/kaggle/input/datasets/vann234/coffevision-grain-cls/Sano/healthy_bean-451-_jpg.rf.80d6e87fcc2fa9127bc6ffd3ff690d94.jpg,Sano,0
/kaggle/input/datasets/vann234/coffevision-grain-cls/Sano/healthy_bean-465-_jpg.rf.6d31e9583ddd67777cfe8653b7b38a25.jpg,Sano,0
/kaggle/input/datasets/vann234/coffevision-grain-cls/Sano/healthy_bean-569-_jpg.rf.c0db0150598eaa7286ce568b11cdad94.jpg,Sano,0
/kaggle/input/datasets/vann234/coffevision-grain-cls/Sano/healthy_bean-611-_jpg.rf.1cbf5d884e353cd0c9e4faa896ae9ece.jpg,Sano,0
/kaggle/input/datasets/vann234/coffevision-grain-cls/Danado/damaged_bean-217-_jpg.rf.a66486f78af5ff40ea5c80ce6721a0d8.jpg,Danado,1
/kaggle/input/datasets/vann234/coffevision-grain-cls/Danado/damaged_bean-583-_jpg.rf.18c8b91bb18d780daebf9815fe39faff.jpg,Danado,1
/kaggle/input/datasets/vann234/coffevision-grain-cls/Sano/IMG_20250610_001641_jpg.rf.2431dffa4642171266a7c2c6b99f4815.jpg,Sano,0
/kaggle/input/datasets/vann234/coffevision-grain-cls/Danado/damaged_bean-159-_jpg.rf.a6c167ea8f143a8795178f6863f88490.jpg,Danado,1
/kaggle/input/datasets/vann234/coffevision-grain-cls/Sano/IMG_20250610_010744_jpg.rf.cfe154b0dbbbd362cf1d5844610abea9.jpg,Sano,0
/kaggle/input/datasets/vann234/coffevision-grain-cls/Sano/IMG_20250610_003619_jpg.rf.390d350d03c0013b4f7d7aea426f40b7.jpg,Sano,0
/kaggle/input/datasets/vann234/coffevision-grain-cls/Sano/healthy_bean-138-_jpg.rf.695c0aa93aa130720946aa5a0e0f8991.jpg,Sano,0
/kaggle/input/datasets/vann234/coffevision-grain-cls/Sano/healthy_bean-526-_jpg.rf.e1e44b71cfc3de3495faa994863bf321.jpg,Sano,0
/kaggle/input/datasets/vann234/coffevision-grain-cls/Danado/damaged_bean-205-_jpg.rf.aa16678cb551098ce2907c3a6d56db0c.jpg,Danado,1
/kaggle/input/datasets/vann234/coffevision-grain-cls/Sano/healthy_bean-50-_jpg.rf.661806e7e833f2fba6593f956ebc920e.jpg,Sano,0
/kaggle/input/datasets/vann234/coffevision-grain-cls/Sano/healthy_bean-77-_jpg.rf.5f9b027b99e530b93757d9672cac3ce1.jpg,Sano,0
/kaggle/input/datasets/vann234/coffevision-grain-cls/Danado/damaged_bean-104-_jpg.rf.f9544f4c011833a33b41c0e9b7004760.jpg,Danado,1
/kaggle/input/datasets/vann234/coffevision-grain-cls/Sano/healthy_bean-587-_jpg.rf.430dc580f63e1da642e7020415617642.jpg,Sano,0
/kaggle/input/datasets/vann234/coffevision-grain-cls/Danado/damaged_bean-76-_jpg.rf.c0cc33b4144d19c324bbee0ce95c9e4b.jpg,Danado,1
/kaggle/input/datasets/vann234/coffevision-grain-cls/Danado/damaged_bean-185-_jpg.rf.9dee2c849fdb9a27344c01adad2c23a2.jpg,Danado,1
/kaggle/input/datasets/vann234/coffevision-grain-cls/Sano/IMG_20250610_000053_jpg.rf.41bc8a1c4fcf04c441efc38f689048a5.jpg,Sano,0
/kaggle/input/datasets/vann234/coffevision-grain-cls/Sano/healthy_bean-61-_jpg.rf.a0be2c2d810d0a5cec1451e2af9e3988.jpg,Sano,0
/kaggle/input/datasets/vann234/coffevision-grain-cls/Danado/damaged_bean-471-_jpg.rf.c93ade98ce07b5d09d5bc89fe90b5ab9.jpg,Danado,1
/kaggle/input/datasets/vann234/coffevision-grain-cls/Sano/healthy_bean-480-_jpg.rf.d446f99a83feb1c5e1657b9cc6462f0a.jpg,Sano,0
/kaggle/input/datasets/vann234/coffevision-grain-cls/Sano/healthy_bean-309-_jpg.rf.98e56ce9088788de710cac776a0b2fd9.jpg,Sano,0
/kaggle/input/datasets/vann234/coffevision-grain-cls/Danado/damaged_bean-499-_jpg.rf.b519f4e371f08c905a15c7ddaeb03fc2.jpg,Danado,1
/kaggle/input/datasets/vann234/coffevision-grain-cls/Sano/healthy_bean-551-_jpg.rf.26bc3f6609e07fa037643f68d801f973.jpg,Sano,0
/kaggle/input/datasets/vann234/coffevision-grain-cls/Danado/damaged_bean-448-_jpg.rf.e78ecbc9aa218f07bc7bf05d34b57e65.jpg,Danado,1
/kaggle/input/datasets/vann234/coffevision-grain-cls/Sano/healthy_bean-129-_jpg.rf.e275ad765458c99b48cde8da27b74f11.jpg,Sano,0
/kaggle/input/datasets/vann234/coffevision-grain-cls/Sano/healthy_bean-441-_jpg.rf.fc7ce195731c89883c691223e10588cc.jpg,Sano,0
/kaggle/input/datasets/vann234/coffevision-grain-cls/Sano/healthy_bean-87-_jpg.rf.7a3e9b189c271a2178c9a91809c39c60.jpg,Sano,0
/kaggle/input/datasets/vann234/coffevision-grain-cls/Danado/damaged_bean-115-_jpg.rf.fabf4529e4c3de14917dec922fa6079d.jpg,Danado,1
/kaggle/input/datasets/vann234/coffevision-grain-cls/Sano/healthy_bean-598-_jpg.rf.e91b1ee41a5e145b7bcdbc63e806a38e.jpg,Sano,0
/kaggle/input/datasets/vann234/coffevision-grain-cls/Danado/damaged_bean-361-_jpg.rf.2deac69cd8f68a165076be9c7bf205e4.jpg,Danado,1
/kaggle/input/datasets/vann234/coffevision-grain-cls/Sano/IMG_20250610_014841_jpg.rf.bc3e55fb7943679045cf9560816d1230.jpg,Sano,0
/kaggle/input/datasets/vann234/coffevision-grain-cls/Sano/healthy_bean-584-_jpg.rf.0e4121773c59efe08856f3345748d759.jpg,Sano,0
/kaggle/input/datasets/vann234/coffevision-grain-cls/Danado/damaged_bean-452-_jpg.rf.61192d96ee132ee83a7f4c530a94c578.jpg,Danado,1
/kaggle/input/datasets/vann234/coffevision-grain-cls/Danado/damaged_bean-129-_jpg.rf.ac59636e59a7cf5d48586845b3830167.jpg,Danado,1
/kaggle/input/datasets/vann234/coffevision-grain-cls/Sano/healthy_bean-369-_jpg.rf.33b694d31830efbe899ccac70f88c9aa.jpg,Sano,0
/kaggle/input/datasets/vann234/coffevision-grain-cls/Sano/healthy_bean-529-_jpg.rf.f599057195b98b9cb10c042d1ac3d8f3.jpg,Sano,0
/kaggle/input/datasets/vann234/coffevision-grain-cls/Sano/healthy_bean-673-_jpg.rf.e80b5ac010a1e74d6fdbc76edd96ce62.jpg,Sano,0
/kaggle/input/datasets/vann234/coffevision-grain-cls/Sano/IMG_20250610_013309_jpg.rf.7cb2e8ea785ef3b088022e54ebb84fca.jpg,Sano,0
/kaggle/input/datasets/vann234/coffevision-grain-cls/Sano/healthy_bean-281-_jpg.rf.5fe90663dac10a2fce33b7a2a67eec28.jpg,Sano,0
/kaggle/input/datasets/vann234/coffevision-grain-cls/Sano/healthy_bean-609-_jpg.rf.66d53a98a7a26616be6aea194f2fff72.jpg,Sano,0
/kaggle/input/datasets/vann234/coffevision-grain-cls/Sano/healthy_bean-544-_jpg.rf.20e87512d707f085fb81e8cbbe3ceeec.jpg,Sano,0
/kaggle/input/datasets/vann234/coffevision-grain-cls/Sano/_trashed-1752129081-IMG_20250609_225917_jpg.rf.51badc3ab8f4bf352c77a4527558018a.jpg,Sano,0
/kaggle/input/datasets/vann234/coffevision-grain-cls/Sano/healthy_bean-473-_jpg.rf.abde1244e8c7e0be1146e9dca4804c82.jpg,Sano,0
/kaggle/input/datasets/vann234/coffevision-grain-cls/Sano/healthy_bean-132-_jpg.rf.07a6581b99ebe436c3167b3f75b18738.jpg,Sano,0
/kaggle/input/datasets/vann234/coffevision-grain-cls/Sano/IMG_20250610_000328_jpg.rf.f7396e9b7f7a4385fa3799628d6f8876.jpg,Sano,0
/kaggle/input/datasets/vann234/coffevision-grain-cls/Sano/IMG_20250610_000549_jpg.rf.8c9a1da13e718044b7f0e875c7426e4f.jpg,Sano,0
/kaggle/input/datasets/vann234/coffevision-grain-cls/Sano/healthy_bean-357-_jpg.rf.b08d1829e9043b451e69cff63292c6c9.jpg,Sano,0
/kaggle/input/datasets/vann234/coffevision-grain-cls/Danado/damaged_bean-229-_jpg.rf.8e1d20a2189fd0c210bf6f66ce7691f3.jpg,Danado,1
/kaggle/input/datasets/vann234/coffevision-grain-cls/Sano/healthy_bean-650-_jpg.rf.8cc5189fe37aa6e311c3550a353aada5.jpg,Sano,0
/kaggle/input/datasets/vann234/coffevision-grain-cls/Sano/healthy_bean-379-_jpg.rf.9fb6757465fa03597923c5f0f8a40341.jpg,Sano,0
/kaggle/input/datasets/vann234/coffevision-grain-cls/Sano/healthy_bean-103-_jpg.rf.e9297376ccd67b10610377c29a73fc93.jpg,Sano,0
/kaggle/input/datasets/vann234/coffevision-grain-cls/Sano/healthy_bean-101-_jpg.rf.cfb76cb8b03f6a2092c198c171095743.jpg,Sano,0
/kaggle/input/datasets/vann234/coffevision-grain-cls/Sano/healthy_bean-561-_jpg.rf.3b4c4ea66f2e60f5d1a579475167590b.jpg,Sano,0
/kaggle/input/datasets/vann234/coffevision-grain-cls/Sano/IMG_20250610_014003_jpg.rf.8419899b8a357dc66bc0b619722a60af.jpg,Sano,0
/kaggle/input/datasets/vann234/coffevision-grain-cls/Danado/damaged_bean-630-_jpg.rf.a3224d1cf8c231d89609f01185f9cafd.jpg,Danado,1
/kaggle/input/datasets/vann234/coffevision-grain-cls/Sano/healthy_bean-381-_jpg.rf.cb61b1fcefda372116eff6ef33eb4e1b.jpg,Sano,0
/kaggle/input/datasets/vann234/coffevision-grain-cls/Sano/healthy_bean-521-_jpg.rf.95654ffab81b05eb63f75e9e96634501.jpg,Sano,0
/kaggle/input/datasets/vann234/coffevision-grain-cls/Danado/damaged_bean-267-_jpg.rf.c3f6ff992b8ebe242a10d4c79262243b.jpg,Danado,1
/kaggle/input/datasets/vann234/coffevision-grain-cls/Danado/damaged_bean-310-_jpg.rf.568a48510653a2797507a24285a98dd9.jpg,Danado,1
/kaggle/input/datasets/vann234/coffevision-grain-cls/Sano/_trashed-1752129146-IMG_20250610_013211_jpg.rf.4f761037f6f8e08eeb952f1d63849485.jpg,Sano,0
/kaggle/input/datasets/vann234/coffevision-grain-cls/Sano/healthy_bean-476-_jpg.rf.74c36a8c6769aad473b4b7ca608e830e.jpg,Sano,0
/kaggle/input/datasets/vann234/coffevision-grain-cls/Sano/healthy_bean-192-_jpg.rf.e6b427dba1be76d6fe6cc53eaddadc76.jpg,Sano,0
/kaggle/input/datasets/vann234/coffevision-grain-cls/Danado/damaged_bean-413-_jpg.rf.ab161f6e1bd796db47270fd1e606c452.jpg,Danado,1
/kaggle/input/datasets/vann234/coffevision-grain-cls/Sano/healthy_bean-412-_jpg.rf.7bdfa0623a913fbdce127a1ef9dcf868.jpg,Sano,0
/kaggle/input/datasets/vann234/coffevision-grain-cls/Sano/healthy_bean-109-_jpg.rf.94f97e4bbaddc435f3744c1d008b220b.jpg,Sano,0
/kaggle/input/datasets/vann234/coffevision-grain-cls/Danado/damaged_bean-436-_jpg.rf.f4cec043d0e4587013c56024819d51c2.jpg,Danado,1
/kaggle/input/datasets/vann234/coffevision-grain-cls/Danado/damaged_bean-230-_jpg.rf.bb760a1108aa00675301fa9ac4476603.jpg,Danado,1
/kaggle/input/datasets/vann234/coffevision-grain-cls/Sano/_trashed-1752130150-IMG_20250610_010809_jpg.rf.448e4a1f72d424f319c9d73786b13cb6.jpg,Sano,0
/kaggle/input/datasets/vann234/coffevision-grain-cls/Sano/healthy_bean-487-_jpg.rf.5f2f850864d143db454c47c05bf9315c.jpg,Sano,0
/kaggle/input/datasets/vann234/coffevision-grain-cls/Sano/_trashed-1752129480-IMG_20250609_232801_jpg.rf.5c7af6732e28e8736d1754211eccdf14.jpg,Sano,0
/kaggle/input/datasets/vann234/coffevision-grain-cls/Sano/healthy_bean-295-_jpg.rf.9b7bf2c6c3cebf4f72e3e20c1a2639c9.jpg,Sano,0
/kaggle/input/datasets/vann234/coffevision-grain-cls/Sano/healthy_bean-601-_jpg.rf.155cb73fc1c2fbec71053d88a5523d7d.jpg,Sano,0
/kaggle/input/datasets/vann234/coffevision-grain-cls/Sano/healthy_bean-640-_jpg.rf.645c90fee6e7da4d0df7c4c6afdc47c6.jpg,Sano,0
/kaggle/input/datasets/vann234/coffevision-grain-cls/Sano/healthy_bean-121-_jpg.rf.56e3eb0a04e57625af39ab983d8cd744.jpg,Sano,0
/kaggle/input/datasets/vann234/coffevision-grain-cls/Danado/damaged_bean-442-_jpg.rf.10261419409631dd45cd824cd37ed1ac.jpg,Danado,1
/kaggle/input/datasets/vann234/coffevision-grain-cls/Danado/damaged_bean-459-_jpg.rf.5254b4babc8d77b557aacdf6f5fc0b3a.jpg,Danado,1
/kaggle/input/datasets/vann234/coffevision-grain-cls/Danado/damaged_bean-428-_jpg.rf.7209f7d07c104c1d7f3b94b41f04126f.jpg,Danado,1
/kaggle/input/datasets/vann234/coffevision-grain-cls/Sano/IMG_20250610_014639_jpg.rf.bed31ac9ae3a0695968dd30d1d15c395.jpg,Sano,0
/kaggle/input/datasets/vann234/coffevision-grain-cls/Sano/healthy_bean-47-_jpg.rf.8bdf7c0a1373b3d4e00f49f88782709c.jpg,Sano,0
/kaggle/input/datasets/vann234/coffevision-grain-cls/Sano/healthy_bean-254-_jpg.rf.bc9fe67f1b0ee62a128afdeae265121b.jpg,Sano,0
/kaggle/input/datasets/vann234/coffevision-grain-cls/Sano/healthy_bean-449-_jpg.rf.59a7ea0fb0021743b5f65df7040e91cf.jpg,Sano,0
/kaggle/input/datasets/vann234/coffevision-grain-cls/Danado/damaged_bean-368-_jpg.rf.1917807985c8e6d9c72c26db675f1a18.jpg,Danado,1
/kaggle/input/datasets/vann234/coffevision-grain-cls/Sano/healthy_bean-398-_jpg.rf.4ab8ec0531be03c89d377d0cfa0017f0.jpg,Sano,0
/kaggle/input/datasets/vann234/coffevision-grain-cls/Sano/healthy_bean-36-_jpg.rf.1ddfc15d5ae53cacbb6d2b221e0f4395.jpg,Sano,0
/kaggle/input/datasets/vann234/coffevision-grain-cls/Sano/healthy_bean-418-_jpg.rf.67dcc1b81259cb45aad21587134ffeec.jpg,Sano,0
/kaggle/input/datasets/vann234/coffevision-grain-cls/Danado/damaged_bean-444-_jpg.rf.95026b4d70ce8f34be98b4a1a1b3404b.jpg,Danado,1
/kaggle/input/datasets/vann234/coffevision-grain-cls/Danado/damaged_bean-75-_jpg.rf.ba7f7f47d409b0cfa3750e7362cbf7ce.jpg,Danado,1
/kaggle/input/datasets/vann234/coffevision-grain-cls/Sano/healthy_bean-694-_jpg.rf.93bc29406838914a8e7bc54067edc5bf.jpg,Sano,0
/kaggle/input/datasets/vann234/coffevision-grain-cls/Sano/healthy_bean-139-_jpg.rf.8fa64bee4fe755adf845657c6f9d4499.jpg,Sano,0
/kaggle/input/datasets/vann234/coffevision-grain-cls/Sano/IMG_20250610_005846_jpg.rf.2466e429ae93a78f637ba01ec8e6d694.jpg,Sano,0
/kaggle/input/datasets/vann234/coffevision-grain-cls/Sano/healthy_bean-212-_jpg.rf.f1aeaeb0c01eb0e0a028a2ff3c267ab7.jpg,Sano,0
/kaggle/input/datasets/vann234/coffevision-grain-cls/Danado/healthy_bean-96-_jpg.rf.895f39a3894358aaa9d3e79bee3276f6.jpg,Danado,1
/kaggle/input/datasets/vann234/coffevision-grain-cls/Sano/healthy_bean-591-_jpg.rf.531e7a251b256a3e5db720567eabefaa.jpg,Sano,0
/kaggle/input/datasets/vann234/coffevision-grain-cls/Danado/damaged_bean-644-_jpg.rf.c33cac24ae0477fc8e5fab8783321cc1.jpg,Danado,1
/kaggle/input/datasets/vann234/coffevision-grain-cls/Sano/IMG_20250609_225845_jpg.rf.8012f18338df736385b9cdfe528a2aa5.jpg,Sano,0
/kaggle/input/datasets/vann234/coffevision-grain-cls/Danado/damaged_bean-313-_jpg.rf.0dccdb02be157006c62785be3be0d09f.jpg,Danado,1
/kaggle/input/datasets/vann234/coffevision-grain-cls/Sano/healthy_bean-168-_jpg.rf.b934a92214cb1000f1b023d84ba3c400.jpg,Sano,0
/kaggle/input/datasets/vann234/coffevision-grain-cls/Sano/healthy_bean-576-_jpg.rf.9345871f189dd6807fede6c4ae76432c.jpg,Sano,0
/kaggle/input/datasets/vann234/coffevision-grain-cls/Danado/damaged_bean-281-_jpg.rf.3effe0c581f7159bf77235f4165329aa.jpg,Danado,1
/kaggle/input/datasets/vann234/coffevision-grain-cls/Sano/IMG_20250610_011633_jpg.rf.4862ad9054774d86a0c62ec148551195.jpg,Sano,0
/kaggle/input/datasets/vann234/coffevision-grain-cls/Danado/damaged_bean-49-_jpg.rf.28cabb2a9d7b9777e7a76572aa489f39.jpg,Danado,1
/kaggle/input/datasets/vann234/coffevision-grain-cls/Sano/healthy_bean-630-_jpg.rf.0ed81ab3a6d15bb8f4578e963556f548.jpg,Sano,0
/kaggle/input/datasets/vann234/coffevision-grain-cls/Danado/damaged_bean-340-_jpg.rf.533df2b3832690a95f731b151d9fa778.jpg,Danado,1
/kaggle/input/datasets/vann234/coffevision-grain-cls/Sano/healthy_bean-91-_jpg.rf.36995ad0e8357f58a95ce2bd418235a9.jpg,Sano,0
/kaggle/input/datasets/vann234/coffevision-grain-cls/Sano/_trashed-1752130081-IMG_20250610_011822_jpg.rf.f01d639623ce46174a6376e77bc40dbe.jpg,Sano,0
/kaggle/input/datasets/vann234/coffevision-grain-cls/Danado/damaged_bean-203-_jpg.rf.9d5222ddcb21f6d1b8236ca1edb8d989.jpg,Danado,1
/kaggle/input/datasets/vann234/coffevision-grain-cls/Danado/damaged_bean-280-_jpg.rf.0ab4330852a24b9d581bfe8057c6ff03.jpg,Danado,1
/kaggle/input/datasets/vann234/coffevision-grain-cls/Danado/damaged_bean-433-_jpg.rf.62cbf91f80548a3a8ecb8de6fe156c77.jpg,Danado,1
/kaggle/input/datasets/vann234/coffevision-grain-cls/Sano/healthy_bean-365-_jpg.rf.6e58d6420a3b658971393fe607ba7280.jpg,Sano,0
/kaggle/input/datasets/vann234/coffevision-grain-cls/Danado/damaged_bean-266-_jpg.rf.38bc5b53d5fb7d3cb9e61b909ab5ef79.jpg,Danado,1
/kaggle/input/datasets/vann234/coffevision-grain-cls/Danado/damaged_bean-249-_jpg.rf.cb377442d21f04e119dc976833cf76d1.jpg,Danado,1
/kaggle/input/datasets/vann234/coffevision-grain-cls/Danado/damaged_bean-485-_jpg.rf.b1031e75f9400fa3cec7d6a2f5382936.jpg,Danado,1
/kaggle/input/datasets/vann234/coffevision-grain-cls/Sano/healthy_bean-661-_jpg.rf.1ea61883ecc4632d28b12bd6e05647ec.jpg,Sano,0
/kaggle/input/datasets/vann234/coffevision-grain-cls/Sano/healthy_bean-626-_jpg.rf.991eac2cf4ace82e8b041e7936c37e35.jpg,Sano,0
/kaggle/input/datasets/vann234/coffevision-grain-cls/Danado/damaged_bean-683-_jpg.rf.812e4d1622e4a7d1526026768cf6f260.jpg,Danado,1
/kaggle/input/datasets/vann234/coffevision-grain-cls/Sano/healthy_bean-94-_jpg.rf.64622915e83a57460c8472665f143286.jpg,Sano,0
/kaggle/input/datasets/vann234/coffevision-grain-cls/Sano/healthy_bean-489-_jpg.rf.0e595b380524bc200c8f81ccaf226bd3.jpg,Sano,0
/kaggle/input/datasets/vann234/coffevision-grain-cls/Danado/damaged_bean-620-_jpg.rf.340a772b53e7954be6fe4fe5271b6bee.jpg,Danado,1
/kaggle/input/datasets/vann234/coffevision-grain-cls/Sano/IMG_20250610_011214_jpg.rf.57318b9b236d6d374ed464cbf35bbd2b.jpg,Sano,0
/kaggle/input/datasets/vann234/coffevision-grain-cls/Sano/healthy_bean-438-_jpg.rf.5e3e1ac0cb732b157a1320748030e854.jpg,Sano,0
/kaggle/input/datasets/vann234/coffevision-grain-cls/Sano/healthy_bean-580-_jpg.rf.73bbdc77f54a683de2874a9f2848450b.jpg,Sano,0
/kaggle/input/datasets/vann234/coffevision-grain-cls/Sano/healthy_bean-271-_jpg.rf.00544ab446f47c064c9c8505b59fd4da.jpg,Sano,0
/kaggle/input/datasets/vann234/coffevision-grain-cls/Sano/healthy_bean-688-_jpg.rf.42bf73f63ca4f7d64c6a8026a87f0e08.jpg,Sano,0
/kaggle/input/datasets/vann234/coffevision-grain-cls/Sano/_trashed-1752129396-IMG_20250609_232112_jpg.rf.ff547a13cb534155f2d7d728c6da377b.jpg,Sano,0
/kaggle/input/datasets/vann234/coffevision-grain-cls/Danado/damaged_bean-262-_jpg.rf.000405933c782abc96377109cd206903.jpg,Danado,1
/kaggle/input/datasets/vann234/coffevision-grain-cls/Danado/damaged_bean-108-_jpg.rf.7ae3e8df8df3fa304bde086bde15de85.jpg,Danado,1
/kaggle/input/datasets/vann234/coffevision-grain-cls/Sano/healthy_bean-262-_jpg.rf.88cfd93b7e2b615d400192a05bcb806b.jpg,Sano,0
/kaggle/input/datasets/vann234/coffevision-grain-cls/Danado/damaged_bean-658-_jpg.rf.334579fabc277bd73d157e3a7b78c837.jpg,Danado,1
/kaggle/input/datasets/vann234/coffevision-grain-cls/Danado/damaged_bean-397-_jpg.rf.7ac09bf640bce9ab03438379e008313f.jpg,Danado,1
/kaggle/input/datasets/vann234/coffevision-grain-cls/Sano/healthy_bean-534-_jpg.rf.3d3786e3603d5168e82bff67558febe1.jpg,Sano,0
/kaggle/input/datasets/vann234/coffevision-grain-cls/Danado/damaged_bean-425-_jpg.rf.62746b13ce8240f48c74b69d343d31c0.jpg,Danado,1
/kaggle/input/datasets/vann234/coffevision-grain-cls/Sano/healthy_bean-83-_jpg.rf.cf91dff90a226be65eaad6e72a921ffb.jpg,Sano,0
/kaggle/input/datasets/vann234/coffevision-grain-cls/Sano/healthy_bean-543-_jpg.rf.805831f1289bfcc3120574951c4191e2.jpg,Sano,0
/kaggle/input/datasets/vann234/coffevision-grain-cls/Sano/healthy_bean-458-_jpg.rf.d6929d07c4651012454e2d70b7dfd35f.jpg,Sano,0
/kaggle/input/datasets/vann234/coffevision-grain-cls/Danado/damaged_bean-393-_jpg.rf.4fc026246e872f1c1ad04dd73244e2d5.jpg,Danado,1
/kaggle/input/datasets/vann234/coffevision-grain-cls/Sano/IMG_20250610_003443_jpg.rf.cf71888c7347fea03007a67ab649405f.jpg,Sano,0
/kaggle/input/datasets/vann234/coffevision-grain-cls/Danado/damaged_bean-695-_jpg.rf.acc3674d59c0605641d062c187ab1f64.jpg,Danado,1
/kaggle/input/datasets/vann234/coffevision-grain-cls/Sano/healthy_bean-246-_jpg.rf.c39c025cd0d659982342c209e276ecca.jpg,Sano,0
/kaggle/input/datasets/vann234/coffevision-grain-cls/Danado/_trashed-1752129500-IMG_20250609_233037_jpg.rf.a039a980b67f13e35c0e5e9e42bdf6a6.jpg,Danado,1
/kaggle/input/datasets/vann234/coffevision-grain-cls/Sano/IMG_20250610_010352_jpg.rf.a2f99497fc34b78a07c2dd206b6099d5.jpg,Sano,0
/kaggle/input/datasets/vann234/coffevision-grain-cls/Danado/damaged_bean-91-_jpg.rf.d81656ec0597d9733264bdfab4dafd3a.jpg,Danado,1
/kaggle/input/datasets/vann234/coffevision-grain-cls/Danado/damaged_bean-612-_jpg.rf.6c55dc87a54b66afb4579374ced0da7b.jpg,Danado,1
/kaggle/input/datasets/vann234/coffevision-grain-cls/Danado/damaged_bean-225-_jpg.rf.bb17c940cd56933659ef6c9e132dbb01.jpg,Danado,1
/kaggle/input/datasets/vann234/coffevision-grain-cls/Danado/damaged_bean-649-_jpg.rf.ef23be96f2ac9eeb464188b9e565c2a6.jpg,Danado,1
/kaggle/input/datasets/vann234/coffevision-grain-cls/Danado/damaged_bean-309-_jpg.rf.5a5f4d4540d830d0580584f994ed5e8a.jpg,Danado,1
/kaggle/input/datasets/vann234/coffevision-grain-cls/Danado/damaged_bean-478-_jpg.rf.961942578004014b25067c555ea02e5e.jpg,Danado,1
/kaggle/input/datasets/vann234/coffevision-grain-cls/Danado/damaged_bean-277-_jpg.rf.d43b75bbc6a4d9b2948a023443a0b4f6.jpg,Danado,1
/kaggle/input/datasets/vann234/coffevision-grain-cls/Sano/healthy_bean-481-_jpg.rf.d0701213530f6bfa5794917b6a28c8e1.jpg,Sano,0
/kaggle/input/datasets/vann234/coffevision-grain-cls/Sano/healthy_bean-154-_jpg.rf.bd8702a4c320760fae626bc64b9c9722.jpg,Sano,0
/kaggle/input/datasets/vann234/coffevision-grain-cls/Sano/healthy_bean-90-_jpg.rf.1be4fe7c240062d40c78a961c093cc39.jpg,Sano,0
/kaggle/input/datasets/vann234/coffevision-grain-cls/Danado/damaged_bean-453-_jpg.rf.9f91c84e96ab4f15530f355df4a61e15.jpg,Danado,1
/kaggle/input/datasets/vann234/coffevision-grain-cls/Danado/IMG_20250610_003653_jpg.rf.50a37e42ed904eef43e5a876dbed54fc.jpg,Danado,1
/kaggle/input/datasets/vann234/coffevision-grain-cls/Sano/healthy_bean-310-_jpg.rf.30e52c98f5cf642d2e03bac6f6b33fb6.jpg,Sano,0
/kaggle/input/datasets/vann234/coffevision-grain-cls/Sano/healthy_bean-562-_jpg.rf.fe9eeede09f29ef55f762fa6e1239a80.jpg,Sano,0
/kaggle/input/datasets/vann234/coffevision-grain-cls/Danado/damaged_bean-399-_jpg.rf.bd40427ae966e71cad2a2505ab8552ce.jpg,Danado,1
/kaggle/input/datasets/vann234/coffevision-grain-cls/Danado/damaged_bean-257-_jpg.rf.da39e9762f91bdbe72afbb6bfb47cd0b.jpg,Danado,1
/kaggle/input/datasets/vann234/coffevision-grain-cls/Danado/damaged_bean-669-_jpg.rf.cd00082173db30283b3991eeb595e25e.jpg,Danado,1
/kaggle/input/datasets/vann234/coffevision-grain-cls/Sano/healthy_bean-207-_jpg.rf.77a741e067ee35d3048770b2b81b34fa.jpg,Sano,0
/kaggle/input/datasets/vann234/coffevision-grain-cls/Sano/healthy_bean-25-_jpg.rf.eeb94f6078b8d9a9ee9d77ee9cce0b1c.jpg,Sano,0
/kaggle/input/datasets/vann234/coffevision-grain-cls/Sano/healthy_bean-406-_jpg.rf.4d2491cc63a5a11337f31a1f46218038.jpg,Sano,0
/kaggle/input/datasets/vann234/coffevision-grain-cls/Sano/healthy_bean-613-_jpg.rf.c6cec68dbf4b675f16739aaf734f8326.jpg,Sano,0
/kaggle/input/datasets/vann234/coffevision-grain-cls/Sano/healthy_bean-57-_jpg.rf.fc31cef8f3f6d0246b50be1deaefcfd4.jpg,Sano,0
/kaggle/input/datasets/vann234/coffevision-grain-cls/Danado/damaged_bean-577-_jpg.rf.21dc1497b15947c0256663a463f280e7.jpg,Danado,1
/kaggle/input/datasets/vann234/coffevision-grain-cls/Sano/healthy_bean-232-_jpg.rf.450ba79d61c9301c55df0bc48d7acd03.jpg,Sano,0
/kaggle/input/datasets/vann234/coffevision-grain-cls/Sano/IMG_20250610_005834_jpg.rf.053af2b8edf4be88e17fdd98265188ce.jpg,Sano,0
/kaggle/input/datasets/vann234/coffevision-grain-cls/Danado/damaged_bean-83-_jpg.rf.b185058817fba1c37471d89151edc63c.jpg,Danado,1
/kaggle/input/datasets/vann234/coffevision-grain-cls/Sano/healthy_bean-554-_jpg.rf.946a276339b3eb2bbb4d5feb3bc78b8b.jpg,Sano,0
/kaggle/input/datasets/vann234/coffevision-grain-cls/Danado/damaged_bean-79-_jpg.rf.2ba5641d023b8c94eb3bed18a6c41d8e.jpg,Danado,1
/kaggle/input/datasets/vann234/coffevision-grain-cls/Danado/damaged_bean-687-_jpg.rf.ae0232dc716b42716d2f80e48b2f1324.jpg,Danado,1
/kaggle/input/datasets/vann234/coffevision-grain-cls/Danado/damaged_bean-48-_jpg.rf.c87612926593bd0c62effa9db0a299d1.jpg,Danado,1
/kaggle/input/datasets/vann234/coffevision-grain-cls/Danado/damaged_bean-405-_jpg.rf.1bebc02ef52cc8250d8b7fd077466d6f.jpg,Danado,1
/kaggle/input/datasets/vann234/coffevision-grain-cls/Sano/healthy_bean-645-_jpg.rf.efa8e98a46538759ae74c758e8122d40.jpg,Sano,0
/kaggle/input/datasets/vann234/coffevision-grain-cls/Sano/healthy_bean-674-_jpg.rf.6b138138e4a646c0ca2b59cae7173d9d.jpg,Sano,0
/kaggle/input/datasets/vann234/coffevision-grain-cls/Danado/damaged_bean-23-_jpg.rf.9559ea60ee35f49b21077b05537d3ebd.jpg,Danado,1
/kaggle/input/datasets/vann234/coffevision-grain-cls/Danado/damaged_bean-640-_jpg.rf.08ccc0a6b2a78f74fb901798457baeb2.jpg,Danado,1
/kaggle/input/datasets/vann234/coffevision-grain-cls/Sano/healthy_bean-43-_jpg.rf.ab96050fefa9f1ed8f1c67bae7f1e818.jpg,Sano,0
/kaggle/input/datasets/vann234/coffevision-grain-cls/Danado/damaged_bean-127-_jpg.rf.cb0b533ce823704ffbe06732f38af33b.jpg,Danado,1
/kaggle/input/datasets/vann234/coffevision-grain-cls/Sano/healthy_bean-32-_jpg.rf.d96a60a5f30be410d1398c232f898f22.jpg,Sano,0
/kaggle/input/datasets/vann234/coffevision-grain-cls/Sano/healthy_bean-183-_jpg.rf.27da968bcfb47a4a71a06d9960c0e072.jpg,Sano,0
/kaggle/input/datasets/vann234/coffevision-grain-cls/Sano/healthy_bean-16-_jpg.rf.508994abe1c85cafd8f824e00cfd27cb.jpg,Sano,0
/kaggle/input/datasets/vann234/coffevision-grain-cls/Danado/damaged_bean-227-_jpg.rf.5e7cef086451f0be623708f161491c72.jpg,Danado,1
/kaggle/input/datasets/vann234/coffevision-grain-cls/Danado/damaged_bean-648-_jpg.rf.529b12aa90d47d32894e9423e2ac432b.jpg,Danado,1
/kaggle/input/datasets/vann234/coffevision-grain-cls/Sano/healthy_bean-247-_jpg.rf.07169c4d5b3cb9a3d784a8d3c1644bf3.jpg,Sano,0
/kaggle/input/datasets/vann234/coffevision-grain-cls/Danado/damaged_bean-258-_jpg.rf.efc27b4380bf325657dd7388dbc61c07.jpg,Danado,1
/kaggle/input/datasets/vann234/coffevision-grain-cls/Danado/damaged_bean-18-_jpg.rf.ba351277341fb036491884c5017c924f.jpg,Danado,1
/kaggle/input/datasets/vann234/coffevision-grain-cls/Sano/healthy_bean-579-_jpg.rf.86178864057fe1d409987dee54078dbc.jpg,Sano,0
/kaggle/input/datasets/vann234/coffevision-grain-cls/Danado/damaged_bean-412-_jpg.rf.5055e8b1851315c885770b3a1b16474d.jpg,Danado,1
/kaggle/input/datasets/vann234/coffevision-grain-cls/Sano/healthy_bean-52-_jpg.rf.4f97c6a14a3178393dcbe0d7dadf86c9.jpg,Sano,0
/kaggle/input/datasets/vann234/coffevision-grain-cls/Danado/damaged_bean-312-_jpg.rf.d762b807fbe309cd2d52d301d5653493.jpg,Danado,1
/kaggle/input/datasets/vann234/coffevision-grain-cls/Sano/IMG_20250610_004616_jpg.rf.85ce22fa671cf2501f9fa341e95a32d6.jpg,Sano,0
/kaggle/input/datasets/vann234/coffevision-grain-cls/Sano/IMG_20250609_231706_jpg.rf.f38a209061a670d9537bdc704ddb826f.jpg,Sano,0
/kaggle/input/datasets/vann234/coffevision-grain-cls/Sano/healthy_bean-545-_jpg.rf.a3aa17144289a6cf100f1da42df3b20b.jpg,Sano,0
/kaggle/input/datasets/vann234/coffevision-grain-cls/Danado/damaged_bean-324-_jpg.rf.0f258ce1a0a64c45e0909f416fb080bd.jpg,Danado,1
/kaggle/input/datasets/vann234/coffevision-grain-cls/Sano/healthy_bean-194-_jpg.rf.f95ffbaab6fca8f1a8eb8a7b70e77307.jpg,Sano,0
/kaggle/input/datasets/vann234/coffevision-grain-cls/Danado/damaged_bean-411-_jpg.rf.38e8a045d662524d0a47cdece48a2c76.jpg,Danado,1
/kaggle/input/datasets/vann234/coffevision-grain-cls/Danado/damaged_bean-314-_jpg.rf.fb0e5c1db8becd46fe8e9a9797f760ed.jpg,Danado,1
/kaggle/input/datasets/vann234/coffevision-grain-cls/Sano/healthy_bean-215-_jpg.rf.3c7c345610531552900d3e41cd8064e0.jpg,Sano,0
/kaggle/input/datasets/vann234/coffevision-grain-cls/Danado/damaged_bean-655-_jpg.rf.d8c00ba9dc87f0773593e38e7408afed.jpg,Danado,1
/kaggle/input/datasets/vann234/coffevision-grain-cls/Sano/healthy_bean-430-_jpg.rf.c610acff7a852e7b0fa51a2bf3d2bab3.jpg,Sano,0
/kaggle/input/datasets/vann234/coffevision-grain-cls/Danado/damaged_bean-419-_jpg.rf.e22907ac6ebcc6b458c32f5c12f990d0.jpg,Danado,1
/kaggle/input/datasets/vann234/coffevision-grain-cls/Sano/healthy_bean-651-_jpg.rf.7cedb86d6e25717378aef5ca6e08b87e.jpg,Sano,0
/kaggle/input/datasets/vann234/coffevision-grain-cls/Sano/healthy_bean-682-_jpg.rf.665f84894670f126cd527a729c46acd7.jpg,Sano,0
/kaggle/input/datasets/vann234/coffevision-grain-cls/Sano/IMG_20250610_005027_jpg.rf.4800d001ca3b18dd0769d20b50dc311b.jpg,Sano,0
/kaggle/input/datasets/vann234/coffevision-grain-cls/Sano/IMG_20250609_225735_jpg.rf.bd252f325ac348d8cb9e5a3996332750.jpg,Sano,0
/kaggle/input/datasets/vann234/coffevision-grain-cls/Danado/damaged_bean-239-_jpg.rf.e0178f6e38c3a03fd2dc8f955c3f8e82.jpg,Danado,1
/kaggle/input/datasets/vann234/coffevision-grain-cls/Danado/damaged_bean-157-_jpg.rf.b76de4f00992efd8cfddad22e6848067.jpg,Danado,1
/kaggle/input/datasets/vann234/coffevision-grain-cls/Danado/damaged_bean-72-_jpg.rf.94891392a587927577c9e1f72c954026.jpg,Danado,1
/kaggle/input/datasets/vann234/coffevision-grain-cls/Sano/IMG_20250610_013720_jpg.rf.18ba4e36d843e7589df4c384783d9282.jpg,Sano,0
/kaggle/input/datasets/vann234/coffevision-grain-cls/Sano/healthy_bean-393-_jpg.rf.7d02d11aaaa3bedbe6c668718d517ca3.jpg,Sano,0
/kaggle/input/datasets/vann234/coffevision-grain-cls/Sano/healthy_bean-29-_jpg.rf.84908afecdcb0c74437c82fcb806f97e.jpg,Sano,0
/kaggle/input/datasets/vann234/coffevision-grain-cls/Sano/healthy_bean-542-_jpg.rf.e878c6785b07cf771b647e15db9b4d1f.jpg,Sano,0
/kaggle/input/datasets/vann234/coffevision-grain-cls/Sano/IMG_20250610_004110_jpg.rf.7a81f784b567ffbd337bfe8c94d58f66.jpg,Sano,0
/kaggle/input/datasets/vann234/coffevision-grain-cls/Sano/healthy_bean-93-_jpg.rf.8913035520b3963f876a5bdef08766bf.jpg,Sano,0
/kaggle/input/datasets/vann234/coffevision-grain-cls/Danado/damaged_bean-418-_jpg.rf.2fe86212b7cfcc7b308187c9600f36a7.jpg,Danado,1
/kaggle/input/datasets/vann234/coffevision-grain-cls/Sano/healthy_bean-360-_jpg.rf.2e75b4f781b05628f1a4e20000661488.jpg,Sano,0
/kaggle/input/datasets/vann234/coffevision-grain-cls/Sano/healthy_bean-340-_jpg.rf.9d723cfbc4b9c2f8effef6060ec3a8c2.jpg,Sano,0
/kaggle/input/datasets/vann234/coffevision-grain-cls/Danado/damaged_bean-429-_jpg.rf.35d7c5ecc83cac67a5ae867803ce92a5.jpg,Danado,1
/kaggle/input/datasets/vann234/coffevision-grain-cls/Sano/healthy_bean-48-_jpg.rf.e2a4279674609f3bf060b1e8434d227a.jpg,Sano,0
/kaggle/input/datasets/vann234/coffevision-grain-cls/Sano/healthy_bean-12-_jpg.rf.87aa4b489b4e3421783b9935ae2aa9f0.jpg,Sano,0
/kaggle/input/datasets/vann234/coffevision-grain-cls/Sano/healthy_bean-362-_jpg.rf.3dc00328e19b4b793305b9a40cfb59a7.jpg,Sano,0
/kaggle/input/datasets/vann234/coffevision-grain-cls/Danado/damaged_bean-238-_jpg.rf.934e700eb24cc6bd21f1a3fb4ae3c498.jpg,Danado,1
/kaggle/input/datasets/vann234/coffevision-grain-cls/Danado/damaged_bean-409-_jpg.rf.e13367b11ed6f1f1e26b1f0db8d715cb.jpg,Danado,1
/kaggle/input/datasets/vann234/coffevision-grain-cls/Sano/healthy_bean-237-_jpg.rf.9cf0d6434a0bc480235d44a61723d3e2.jpg,Sano,0
/kaggle/input/datasets/vann234/coffevision-grain-cls/Sano/IMG_20250609_232503_jpg.rf.75cb953b303b69bac5bb5a94b0964092.jpg,Sano,0
/kaggle/input/datasets/vann234/coffevision-grain-cls/Sano/healthy_bean-655-_jpg.rf.4b8633de22f63d8301a0d68bd9d4d9fe.jpg,Sano,0
/kaggle/input/datasets/vann234/coffevision-grain-cls/Sano/healthy_bean-182-_jpg.rf.64dd48c3c92da5cbca07501e7dba722c.jpg,Sano,0
/kaggle/input/datasets/vann234/coffevision-grain-cls/Sano/healthy_bean-220-_jpg.rf.4b44fd21bf94f74d0ce0c758ab6c8c27.jpg,Sano,0
/kaggle/input/datasets/vann234/coffevision-grain-cls/Danado/damaged_bean-688-_jpg.rf.beceae1fbbeb34d9e331c69a7795da17.jpg,Danado,1
/kaggle/input/datasets/vann234/coffevision-grain-cls/Danado/damaged_bean-302-_jpg.rf.3d09d0ad5594491bee18041c54f15076.jpg,Danado,1
/kaggle/input/datasets/vann234/coffevision-grain-cls/Danado/damaged_bean-651-_jpg.rf.7b4719737daa88e3ae6d432ae703d8c4.jpg,Danado,1
/kaggle/input/datasets/vann234/coffevision-grain-cls/Sano/healthy_bean-462-_jpg.rf.848c7694eb66d811c78afeaa21ee0bf7.jpg,Sano,0
/kaggle/input/datasets/vann234/coffevision-grain-cls/Danado/damaged_bean-330-_jpg.rf.f36311aa017147f9aa57d789cb28ac99.jpg,Danado,1
/kaggle/input/datasets/vann234/coffevision-grain-cls/Sano/IMG_20250610_005426_jpg.rf.fe22e8bb1fde92c62067be0da8abcb02.jpg,Sano,0
/kaggle/input/datasets/vann234/coffevision-grain-cls/Danado/damaged_bean-652-_jpg.rf.bbc401848f3a22bd8ad27e6effa187a2.jpg,Danado,1
/kaggle/input/datasets/vann234/coffevision-grain-cls/Sano/healthy_bean-240-_jpg.rf.6ba916f398f3bb04c070647d5cd4e236.jpg,Sano,0
/kaggle/input/datasets/vann234/coffevision-grain-cls/Danado/damaged_bean-133-_jpg.rf.79ca8cbec6290be74015ddf13fe4da8a.jpg,Danado,1
/kaggle/input/datasets/vann234/coffevision-grain-cls/Sano/healthy_bean-308-_jpg.rf.14bca5db4fda685378b40a0f13facec8.jpg,Sano,0
/kaggle/input/datasets/vann234/coffevision-grain-cls/Danado/damaged_bean-667-_jpg.rf.fb1004c6a3c4256e50f0e99da02ddc92.jpg,Danado,1
/kaggle/input/datasets/vann234/coffevision-grain-cls/Danado/damaged_bean-590-_jpg.rf.fd122a3ac52900d8ab2706c0815ef056.jpg,Danado,1
/kaggle/input/datasets/vann234/coffevision-grain-cls/Danado/damaged_bean-333-_jpg.rf.e3449e957031d9eedb9b7b0d7a4ec7b8.jpg,Danado,1
/kaggle/input/datasets/vann234/coffevision-grain-cls/Danado/damaged_bean-582-_jpg.rf.4e8c3007cb221b6d0b12bdea5e432724.jpg,Danado,1
/kaggle/input/datasets/vann234/coffevision-grain-cls/Sano/IMG_20250610_004035_jpg.rf.c2558ae61d9e0403e3bc21c3f6fd9c37.jpg,Sano,0
/kaggle/input/datasets/vann234/coffevision-grain-cls/Sano/healthy_bean-229-_jpg.rf.99ec22dffca9aaad03422ec55ca08c84.jpg,Sano,0
/kaggle/input/datasets/vann234/coffevision-grain-cls/Danado/damaged_bean-161-_jpg.rf.8e552a80529e4058f581307ed484b651.jpg,Danado,1
/kaggle/input/datasets/vann234/coffevision-grain-cls/Sano/healthy_bean-374-_jpg.rf.8042525d01042103a266f61283447501.jpg,Sano,0
/kaggle/input/datasets/vann234/coffevision-grain-cls/Danado/damaged_bean-392-_jpg.rf.6e1cd18fbfe06aa1c1e0212b92d853c0.jpg,Danado,1
/kaggle/input/datasets/vann234/coffevision-grain-cls/Sano/healthy_bean-538-_jpg.rf.7fe8ea50916043f8907b82dbedd5ea69.jpg,Sano,0
/kaggle/input/datasets/vann234/coffevision-grain-cls/Sano/healthy_bean-38-_jpg.rf.797492ec7aa5756351d5398fed378602.jpg,Sano,0
/kaggle/input/datasets/vann234/coffevision-grain-cls/Sano/healthy_bean-269-_jpg.rf.d830d242bfdc1585b5efcde0cefaa262.jpg,Sano,0
/kaggle/input/datasets/vann234/coffevision-grain-cls/Sano/healthy_bean-518-_jpg.rf.c6e47b35360a0bc021ee76598ab6aad3.jpg,Sano,0
/kaggle/input/datasets/vann234/coffevision-grain-cls/Danado/damaged_bean-353-_jpg.rf.86940dec5520385727694b93251faac6.jpg,Danado,1
/kaggle/input/datasets/vann234/coffevision-grain-cls/Danado/damaged_bean-366-_jpg.rf.93d09febce407768830a1395406db4d5.jpg,Danado,1
/kaggle/input/datasets/vann234/coffevision-grain-cls/Danado/damaged_bean-16-_jpg.rf.44ab136d44188a147d289fa7528ea8a7.jpg,Danado,1
/kaggle/input/datasets/vann234/coffevision-grain-cls/Sano/healthy_bean-636-_jpg.rf.be557a694301c9c7018f7b6f03ea6275.jpg,Sano,0
/kaggle/input/datasets/vann234/coffevision-grain-cls/Sano/IMG_20250610_014822_jpg.rf.49dcdbd0c6ddce5bc0c5db6492548724.jpg,Sano,0
/kaggle/input/datasets/vann234/coffevision-grain-cls/Sano/healthy_bean-679-_jpg.rf.02d9cdeae95b362bfffb2bea5e9be24e.jpg,Sano,0
/kaggle/input/datasets/vann234/coffevision-grain-cls/Sano/healthy_bean-571-_jpg.rf.a47865fe6268e2840de97e7c9276bbb7.jpg,Sano,0
/kaggle/input/datasets/vann234/coffevision-grain-cls/Danado/damaged_bean-486-_jpg.rf.4f52f5d53e35d68a5fa78e830af5e122.jpg,Danado,1
/kaggle/input/datasets/vann234/coffevision-grain-cls/Sano/healthy_bean-395-_jpg.rf.dca3fa1da2ea13d45249b116f24fad39.jpg,Sano,0
/kaggle/input/datasets/vann234/coffevision-grain-cls/Danado/damaged_bean-479-_jpg.rf.ff23c8ff917caa468ff2d4b7e64e23ff.jpg,Danado,1
/kaggle/input/datasets/vann234/coffevision-grain-cls/Danado/damaged_bean-194-_jpg.rf.e795c175db91b2fa01c31bbd8a9fdb72.jpg,Danado,1
/kaggle/input/datasets/vann234/coffevision-grain-cls/Sano/healthy_bean-648-_jpg.rf.4528c1f04546a83a033407360dfa80be.jpg,Sano,0
/kaggle/input/datasets/vann234/coffevision-grain-cls/Sano/IMG_20250609_231849_jpg.rf.8bebf2dc3d3ee7ff390b735f8e97d3dc.jpg,Sano,0
/kaggle/input/datasets/vann234/coffevision-grain-cls/Danado/damaged_bean-284-_jpg.rf.cc03afa094f4eeab2dc49210692823f7.jpg,Danado,1
/kaggle/input/datasets/vann234/coffevision-grain-cls/Sano/IMG_20250610_013141_jpg.rf.a0eceb06a7c698fd6babf8bc61670d1b.jpg,Sano,0
/kaggle/input/datasets/vann234/coffevision-grain-cls/Danado/damaged_bean-422-_jpg.rf.eb24e1a9e7a65128a4c07cbf871c9c1a.jpg,Danado,1
/kaggle/input/datasets/vann234/coffevision-grain-cls/Danado/damaged_bean-99-_jpg.rf.71595bcfc28935a1e8cbd82e889cc452.jpg,Danado,1
/kaggle/input/datasets/vann234/coffevision-grain-cls/Sano/healthy_bean-150-_jpg.rf.a8b8f338e4bf3f0e2f7f019048bb449d.jpg,Sano,0
/kaggle/input/datasets/vann234/coffevision-grain-cls/Sano/healthy_bean-79-_jpg.rf.ab229f0f89ae396277c434f5a9115ce0.jpg,Sano,0
/kaggle/input/datasets/vann234/coffevision-grain-cls/Sano/IMG_20250610_001923_jpg.rf.9039953fe7c3f996bf72b0fef1387fee.jpg,Sano,0
/kaggle/input/datasets/vann234/coffevision-grain-cls/Danado/damaged_bean-98-_jpg.rf.1ec2c82fcddfd884d59d0f0205688250.jpg,Danado,1
/kaggle/input/datasets/vann234/coffevision-grain-cls/Sano/healthy_bean-413-_jpg.rf.5ed9245dfc7a59ab0eb89f8a90e07f87.jpg,Sano,0
/kaggle/input/datasets/vann234/coffevision-grain-cls/Danado/damaged_bean-228-_jpg.rf.294a646b5aca4a9e739247890f057db8.jpg,Danado,1
/kaggle/input/datasets/vann234/coffevision-grain-cls/Sano/healthy_bean-292-_jpg.rf.188fc5b72f550aed37b95725ec55b57d.jpg,Sano,0
/kaggle/input/datasets/vann234/coffevision-grain-cls/Sano/healthy_bean-653-_jpg.rf.3306b18361d80dd9ba73c4eff09ba091.jpg,Sano,0
/kaggle/input/datasets/vann234/coffevision-grain-cls/Sano/IMG_20250610_010648_jpg.rf.55f41446d18f46eab405105aa7d3819c.jpg,Sano,0
/kaggle/input/datasets/vann234/coffevision-grain-cls/Sano/healthy_bean-349-_jpg.rf.d8a963c2d2dbec7fbca465a0a749ebed.jpg,Sano,0
/kaggle/input/datasets/vann234/coffevision-grain-cls/Danado/damaged_bean-73-_jpg.rf.b9d69b2fe56d7da4a78d6cc8a5f96765.jpg,Danado,1
/kaggle/input/datasets/vann234/coffevision-grain-cls/Danado/damaged_bean-503-_jpg.rf.1339a7ef9e287360ffc7a18b77bfc41c.jpg,Danado,1
/kaggle/input/datasets/vann234/coffevision-grain-cls/Sano/healthy_bean-537-_jpg.rf.ceae1314ec96eb19466984bd3f924f46.jpg,Sano,0
/kaggle/input/datasets/vann234/coffevision-grain-cls/Sano/healthy_bean-304-_jpg.rf.045e7dea21c3f458e9e0d12fc30a438e.jpg,Sano,0
/kaggle/input/datasets/vann234/coffevision-grain-cls/Sano/healthy_bean-283-_jpg.rf.9e0fdffbc23feac095bf9bb7aec3c1a7.jpg,Sano,0
/kaggle/input/datasets/vann234/coffevision-grain-cls/Sano/healthy_bean-24-_jpg.rf.e0c3d2256759b2b50448d7f6088df18e.jpg,Sano,0
/kaggle/input/datasets/vann234/coffevision-grain-cls/Danado/damaged_bean-121-_jpg.rf.db35051b50c3c3c24c926e4ad2b47d24.jpg,Danado,1
/kaggle/input/datasets/vann234/coffevision-grain-cls/Danado/damaged_bean-639-_jpg.rf.7178a1ff2097e26576086232403bf3a0.jpg,Danado,1
/kaggle/input/datasets/vann234/coffevision-grain-cls/Danado/damaged_bean-50-_jpg.rf.c4d9e60f2e13a3b191f1e144c5b2421c.jpg,Danado,1
/kaggle/input/datasets/vann234/coffevision-grain-cls/Danado/damaged_bean-591-_jpg.rf.2d5795bb3f06ca8d1db309a078382b09.jpg,Danado,1
/kaggle/input/datasets/vann234/coffevision-grain-cls/Sano/IMG_20250609_233906_jpg.rf.0fa50f1752d69db304ee2f2439fcb78b.jpg,Sano,0
/kaggle/input/datasets/vann234/coffevision-grain-cls/Sano/healthy_bean-251-_jpg.rf.99b9d0cdf3563a44a2664559312e7594.jpg,Sano,0
/kaggle/input/datasets/vann234/coffevision-grain-cls/Sano/_trashed-1752129925-IMG_20250610_004831_jpg.rf.a6e1b551340cf11338b2b022bee66b7d.jpg,Sano,0
/kaggle/input/datasets/vann234/coffevision-grain-cls/Sano/healthy_bean-202-_jpg.rf.1a8c0d0e41c4230756b065819f0da137.jpg,Sano,0
/kaggle/input/datasets/vann234/coffevision-grain-cls/Sano/healthy_bean-448-_jpg.rf.4c29adcd54826d27c770e65295bece3f.jpg,Sano,0
/kaggle/input/datasets/vann234/coffevision-grain-cls/Danado/damaged_bean-338-_jpg.rf.47581647dcdcf227b2460b82dd5c509e.jpg,Danado,1
/kaggle/input/datasets/vann234/coffevision-grain-cls/Danado/damaged_bean-234-_jpg.rf.c0df64b06ca9e0e7968f0b14573cd8a2.jpg,Danado,1
/kaggle/input/datasets/vann234/coffevision-grain-cls/Sano/IMG_20250610_003104_jpg.rf.09a895125976dac2d1fd0c88228ee14b.jpg,Sano,0
/kaggle/input/datasets/vann234/coffevision-grain-cls/Sano/IMG_20250610_011328_jpg.rf.83a6f5368039e7b8e6ba70a95a4541e5.jpg,Sano,0
/kaggle/input/datasets/vann234/coffevision-grain-cls/Sano/healthy_bean-644-_jpg.rf.3d712af47aeb270f4c050742361f7313.jpg,Sano,0
/kaggle/input/datasets/vann234/coffevision-grain-cls/Sano/_trashed-1752129193-IMG_20250609_230301_jpg.rf.bfe1e9f7f85a10d2bebc2a840b7f66d1.jpg,Sano,0
/kaggle/input/datasets/vann234/coffevision-grain-cls/Danado/damaged_bean-661-_jpg.rf.196162322fae2ca2845d4fe706db4729.jpg,Danado,1
/kaggle/input/datasets/vann234/coffevision-grain-cls/Sano/IMG_20250610_010229_jpg.rf.57531dc2fd34c1829b066d5f4bddc80f.jpg,Sano,0
/kaggle/input/datasets/vann234/coffevision-grain-cls/Danado/damaged_bean-470-_jpg.rf.c0195422cd42a891fd669439b7b0846c.jpg,Danado,1
/kaggle/input/datasets/vann234/coffevision-grain-cls/Sano/healthy_bean-66-_jpg.rf.94ddb913cf00e3a2f1669805ccf450b4.jpg,Sano,0
/kaggle/input/datasets/vann234/coffevision-grain-cls/Danado/damaged_bean-632-_jpg.rf.9fa87d057b82d178b1b72d9f6b9769b4.jpg,Danado,1
/kaggle/input/datasets/vann234/coffevision-grain-cls/Sano/healthy_bean-133-_jpg.rf.b78054b37f36b2e8b6a6ba1775975450.jpg,Sano,0
/kaggle/input/datasets/vann234/coffevision-grain-cls/Danado/damaged_bean-443-_jpg.rf.1938c333ba694193f65775f23df99cfd.jpg,Danado,1
/kaggle/input/datasets/vann234/coffevision-grain-cls/Danado/damaged_bean-171-_jpg.rf.151e2d457396983c9bc160476bcf2603.jpg,Danado,1
/kaggle/input/datasets/vann234/coffevision-grain-cls/Sano/healthy_bean-484-_jpg.rf.aae368b0eb730a70afb40fce05ec4508.jpg,Sano,0
/kaggle/input/datasets/vann234/coffevision-grain-cls/Danado/damaged_bean-87-_jpg.rf.74e1ef41749be50cef44dea16a676b35.jpg,Danado,1
/kaggle/input/datasets/vann234/coffevision-grain-cls/Sano/healthy_bean-455-_jpg.rf.c1a3c40a4696814610548789a02480da.jpg,Sano,0
/kaggle/input/datasets/vann234/coffevision-grain-cls/Sano/healthy_bean-62-_jpg.rf.115b35fc152e35ac825b1de5dd1f9214.jpg,Sano,0
/kaggle/input/datasets/vann234/coffevision-grain-cls/Sano/healthy_bean-325-_jpg.rf.9b46d5afc7c881891c72890bbf3ac2c4.jpg,Sano,0
/kaggle/input/datasets/vann234/coffevision-grain-cls/Sano/healthy_bean-468-_jpg.rf.a6a9a167957b015c190a192b5f162063.jpg,Sano,0
/kaggle/input/datasets/vann234/coffevision-grain-cls/Sano/healthy_bean-21-_jpg.rf.a0834f9b2c20ab9a5ebfa2e4557349ac.jpg,Sano,0
/kaggle/input/datasets/vann234/coffevision-grain-cls/Sano/healthy_bean-389-_jpg.rf.0d70275acdbb716f06aac72719bb6dfa.jpg,Sano,0
/kaggle/input/datasets/vann234/coffevision-grain-cls/Danado/damaged_bean-13-_jpg.rf.b8dd7044d6b7a8d3d3adbf023f7c26e3.jpg,Danado,1
/kaggle/input/datasets/vann234/coffevision-grain-cls/Danado/damaged_bean-331-_jpg.rf.7880f3d2b8cd9db0e59fa57a9f93ee6e.jpg,Danado,1
/kaggle/input/datasets/vann234/coffevision-grain-cls/Sano/IMG_20250610_000844_jpg.rf.4d9a77c2197baeebfb6c03e6151e813a.jpg,Sano,0
/kaggle/input/datasets/vann234/coffevision-grain-cls/Sano/healthy_bean-617-_jpg.rf.f8519c2b4b9f01681b1329e3d613f6bb.jpg,Sano,0
/kaggle/input/datasets/vann234/coffevision-grain-cls/Sano/IMG_20250609_231941_jpg.rf.2f174b501672f6825d31ba68f1662e8f.jpg,Sano,0
/kaggle/input/datasets/vann234/coffevision-grain-cls/Sano/healthy_bean-696-_jpg.rf.02fbf6ecc3f400faedb06524cf9c7bd9.jpg,Sano,0
/kaggle/input/datasets/vann234/coffevision-grain-cls/Sano/healthy_bean-528-_jpg.rf.90b5617b3db2369c1b542364dfa65c3f.jpg,Sano,0
/kaggle/input/datasets/vann234/coffevision-grain-cls/Sano/healthy_bean-9-_jpg.rf.97367d46826ff2b3effa7a9c115a628b.jpg,Sano,0
/kaggle/input/datasets/vann234/coffevision-grain-cls/Sano/IMG_20250610_004324_jpg.rf.2311a79f59af2bbb34179bd075b6e008.jpg,Sano,0
/kaggle/input/datasets/vann234/coffevision-grain-cls/Danado/damaged_bean-106-_jpg.rf.0365383a2e2054f0cab159a1792aa2b2.jpg,Danado,1
/kaggle/input/datasets/vann234/coffevision-grain-cls/Danado/damaged_bean-679-_jpg.rf.9de3b602106470574e4987b375c789bf.jpg,Danado,1
/kaggle/input/datasets/vann234/coffevision-grain-cls/Sano/healthy_bean-397-_jpg.rf.25dd977d16466230fef97f8db12f3740.jpg,Sano,0
/kaggle/input/datasets/vann234/coffevision-grain-cls/Sano/healthy_bean-11-_jpg.rf.67d8264cbbdacd2fbf9ce7d546595103.jpg,Sano,0
/kaggle/input/datasets/vann234/coffevision-grain-cls/Sano/healthy_bean-18-_jpg.rf.15ef814d82d0fc695b32e49a8dd4041b.jpg,Sano,0
/kaggle/input/datasets/vann234/coffevision-grain-cls/Danado/damaged_bean-400-_jpg.rf.c86e7957476ac54033260d10f30852d0.jpg,Danado,1
/kaggle/input/datasets/vann234/coffevision-grain-cls/Danado/damaged_bean-394-_jpg.rf.ca90ee2e54e1a291856018b0b519aca9.jpg,Danado,1
/kaggle/input/datasets/vann234/coffevision-grain-cls/Danado/damaged_bean-396-_jpg.rf.efd95e79d0314887277b1c409ddc8306.jpg,Danado,1
/kaggle/input/datasets/vann234/coffevision-grain-cls/Sano/healthy_bean-108-_jpg.rf.fca51dd92ae345f20a00d86d909e39de.jpg,Sano,0
/kaggle/input/datasets/vann234/coffevision-grain-cls/Danado/damaged_bean-332-_jpg.rf.9585474e808ba528f5f5f1400e56bdd3.jpg,Danado,1
/kaggle/input/datasets/vann234/coffevision-grain-cls/Danado/damaged_bean-401-_jpg.rf.d59a94aa406d17ffd64183b895e0aa2e.jpg,Danado,1
/kaggle/input/datasets/vann234/coffevision-grain-cls/Danado/damaged_bean-240-_jpg.rf.b93f0b02c8c04e8d54807a17c825140b.jpg,Danado,1
/kaggle/input/datasets/vann234/coffevision-grain-cls/Danado/damaged_bean-380-_jpg.rf.ce2bba02db1a6cb8105ed3ef2859738d.jpg,Danado,1
/kaggle/input/datasets/vann234/coffevision-grain-cls/Sano/healthy_bean-631-_jpg.rf.432e28efd87cc3a75af6f9c392aa13be.jpg,Sano,0
/kaggle/input/datasets/vann234/coffevision-grain-cls/Danado/damaged_bean-599-_jpg.rf.a12b42eee47efab51d0256870f26298a.jpg,Danado,1
/kaggle/input/datasets/vann234/coffevision-grain-cls/Danado/damaged_bean-668-_jpg.rf.5f24ced037659bbf0681082e738a0971.jpg,Danado,1
/kaggle/input/datasets/vann234/coffevision-grain-cls/Sano/healthy_bean-40-_jpg.rf.8570d79844f16f3dc9a63275a8b9bf91.jpg,Sano,0
/kaggle/input/datasets/vann234/coffevision-grain-cls/Sano/healthy_bean-313-_jpg.rf.bdfd604d8cd1b5a6a56d3fe6687d4b71.jpg,Sano,0
/kaggle/input/datasets/vann234/coffevision-grain-cls/Sano/healthy_bean-53-_jpg.rf.88063bb44126faae9286a6bc1edadcfc.jpg,Sano,0
/kaggle/input/datasets/vann234/coffevision-grain-cls/Sano/healthy_bean-68-_jpg.rf.066819bd5ce6dafd61e1ebbf2288288e.jpg,Sano,0
/kaggle/input/datasets/vann234/coffevision-grain-cls/Sano/healthy_bean-684-_jpg.rf.6f99051853d390410228cfd835ac71ae.jpg,Sano,0
/kaggle/input/datasets/vann234/coffevision-grain-cls/Sano/healthy_bean-559-_jpg.rf.5608d50a623328fd2036a7ec33d2d97b.jpg,Sano,0
/kaggle/input/datasets/vann234/coffevision-grain-cls/Danado/damaged_bean-213-_jpg.rf.23de54b3508e05319bc733ac6f103337.jpg,Danado,1
/kaggle/input/datasets/vann234/coffevision-grain-cls/Danado/damaged_bean-696-_jpg.rf.a550c53e482a5233501e5d2f6f01f088.jpg,Danado,1
/kaggle/input/datasets/vann234/coffevision-grain-cls/Sano/healthy_bean-612-_jpg.rf.f403d76e18eb76b3501b504126d5691a.jpg,Sano,0
/kaggle/input/datasets/vann234/coffevision-grain-cls/Danado/damaged_bean-627-_jpg.rf.8f3b7dbc1df1116571855d68d96e31e2.jpg,Danado,1
/kaggle/input/datasets/vann234/coffevision-grain-cls/Danado/damaged_bean-102-_jpg.rf.c2764e94276c8a0b9e87a290d253cf77.jpg,Danado,1
/kaggle/input/datasets/vann234/coffevision-grain-cls/Danado/damaged_bean-684-_jpg.rf.06cf44325fd4241d7d6ee2a12e190bf1.jpg,Danado,1
/kaggle/input/datasets/vann234/coffevision-grain-cls/Sano/healthy_bean-350-_jpg.rf.59b371bf238161855f2e29d9c29bc8db.jpg,Sano,0
/kaggle/input/datasets/vann234/coffevision-grain-cls/Sano/healthy_bean-322-_jpg.rf.33bd64ce52d60bde57167124cfefc878.jpg,Sano,0
/kaggle/input/datasets/vann234/coffevision-grain-cls/Sano/IMG_20250610_002000_jpg.rf.b9261f09acea127d1a4ee0cdbc387457.jpg,Sano,0
/kaggle/input/datasets/vann234/coffevision-grain-cls/Sano/healthy_bean-159-_jpg.rf.14d42c42b918c1d514c33a56baed5f6a.jpg,Sano,0
/kaggle/input/datasets/vann234/coffevision-grain-cls/Sano/IMG_20250610_011147_jpg.rf.7f3f2253e4980788ec803468c1e3b5b5.jpg,Sano,0
/kaggle/input/datasets/vann234/coffevision-grain-cls/Danado/damaged_bean-506-_jpg.rf.fb275a1c85f7c8a647ceef01d88e4187.jpg,Danado,1
/kaggle/input/datasets/vann234/coffevision-grain-cls/Danado/damaged_bean-355-_jpg.rf.be3bcb147b0cef52c28bd83d4e848a2d.jpg,Danado,1
/kaggle/input/datasets/vann234/coffevision-grain-cls/Danado/damaged_bean-175-_jpg.rf.f6f5c3e51e541d7535f10847d8199a29.jpg,Danado,1
/kaggle/input/datasets/vann234/coffevision-grain-cls/Danado/damaged_bean-82-_jpg.rf.ba316582f16fad0352b62d7aa6120aea.jpg,Danado,1
/kaggle/input/datasets/vann234/coffevision-grain-cls/Sano/healthy_bean-614-_jpg.rf.f9accf431dced7171095a5c6bb7a6667.jpg,Sano,0
/kaggle/input/datasets/vann234/coffevision-grain-cls/Sano/healthy_bean-311-_jpg.rf.04a9e0b1222690d9e95ae953043010ba.jpg,Sano,0
/kaggle/input/datasets/vann234/coffevision-grain-cls/Sano/healthy_bean-193-_jpg.rf.2361bac866abf5c675a97040639b4850.jpg,Sano,0
/kaggle/input/datasets/vann234/coffevision-grain-cls/Sano/_trashed-1752129688-IMG_20250610_001031_jpg.rf.4df30d3b3f49cc52155eaada13622fa8.jpg,Sano,0
/kaggle/input/datasets/vann234/coffevision-grain-cls/Danado/damaged_bean-484-_jpg.rf.ba5b91d18a5c75a7e631af174e30ab19.jpg,Danado,1
/kaggle/input/datasets/vann234/coffevision-grain-cls/Danado/damaged_bean-118-_jpg.rf.6ca6e4e35bed7ab994354caefef4735c.jpg,Danado,1
/kaggle/input/datasets/vann234/coffevision-grain-cls/Sano/healthy_bean-344-_jpg.rf.501ca284c467b07f1fe1ad9e71edefa4.jpg,Sano,0
/kaggle/input/datasets/vann234/coffevision-grain-cls/Sano/healthy_bean-372-_jpg.rf.696b05b5c93d4f91b7d2ac31bd4136ee.jpg,Sano,0
/kaggle/input/datasets/vann234/coffevision-grain-cls/Sano/healthy_bean-558-_jpg.rf.6c5e2fbced530ff4c09a361f25c80978.jpg,Sano,0
/kaggle/input/datasets/vann234/coffevision-grain-cls/Sano/healthy_bean-421-_jpg.rf.b64d3f4ebb1dbb73b26b008463077aa6.jpg,Sano,0
/kaggle/input/datasets/vann234/coffevision-grain-cls/Danado/damaged_bean-494-_jpg.rf.11dc6bbf13a3bedaf3b7446acce9eaaf.jpg,Danado,1
/kaggle/input/datasets/vann234/coffevision-grain-cls/Danado/damaged_bean-186-_jpg.rf.435d61a364d85948fb9087d74f61eff0.jpg,Danado,1
/kaggle/input/datasets/vann234/coffevision-grain-cls/Sano/healthy_bean-305-_jpg.rf.54a52692c9b17700dd7b0aa5c3a4ec3b.jpg,Sano,0
/kaggle/input/datasets/vann234/coffevision-grain-cls/Sano/healthy_bean-253-_jpg.rf.2a74e7316ae09c1734e3076c03a31866.jpg,Sano,0
/kaggle/input/datasets/vann234/coffevision-grain-cls/Sano/healthy_bean-602-_jpg.rf.f04e268d535aca3b4c0902a10ff09d39.jpg,Sano,0
/kaggle/input/datasets/vann234/coffevision-grain-cls/Danado/damaged_bean-372-_jpg.rf.14e7705922ac32615e9219559e73a470.jpg,Danado,1
/kaggle/input/datasets/vann234/coffevision-grain-cls/Sano/healthy_bean-568-_jpg.rf.f7e20597faa5d8739c97a61340bbd62a.jpg,Sano,0
/kaggle/input/datasets/vann234/coffevision-grain-cls/Sano/IMG_20250610_005804_jpg.rf.7429d997e0ce12fe7876bed412c5dafc.jpg,Sano,0
/kaggle/input/datasets/vann234/coffevision-grain-cls/Sano/healthy_bean-144-_jpg.rf.4e341eb22c5cb862b0fb433557a64fed.jpg,Sano,0
/kaggle/input/datasets/vann234/coffevision-grain-cls/Sano/healthy_bean-499-_jpg.rf.a0c559bf18c035e9408cdd3c5dfb78e4.jpg,Sano,0
/kaggle/input/datasets/vann234/coffevision-grain-cls/Sano/healthy_bean-301-_jpg.rf.afa9cab0f728839aa21e97fc38293a90.jpg,Sano,0
/kaggle/input/datasets/vann234/coffevision-grain-cls/Danado/damaged_bean-321-_jpg.rf.061e71dbe597137bbb75aedfc3871f4d.jpg,Danado,1
/kaggle/input/datasets/vann234/coffevision-grain-cls/Sano/healthy_bean-698-_jpg.rf.222104d0bdb8c4c2f3fdf31131b1aa9b.jpg,Sano,0
/kaggle/input/datasets/vann234/coffevision-grain-cls/Sano/IMG_20250609_233637_jpg.rf.8a795da540ff21c170c47852822466df.jpg,Sano,0
/kaggle/input/datasets/vann234/coffevision-grain-cls/Danado/damaged_bean-628-_jpg.rf.19d07bda9de049aa44d17a6255d090a9.jpg,Danado,1
/kaggle/input/datasets/vann234/coffevision-grain-cls/Danado/damaged_bean-659-_jpg.rf.671e9c4d9e4163fc3d2d690eba001977.jpg,Danado,1
/kaggle/input/datasets/vann234/coffevision-grain-cls/Sano/healthy_bean-332-_jpg.rf.ae1971f23200ed9c1ebcfd6d9226c342.jpg,Sano,0
/kaggle/input/datasets/vann234/coffevision-grain-cls/Sano/IMG_20250610_005637_jpg.rf.391f9ce79c19d9d22a45ec9837772117.jpg,Sano,0
/kaggle/input/datasets/vann234/coffevision-grain-cls/Sano/healthy_bean-337-_jpg.rf.a2c793cba0a1d2a0e93d44f7a1fac1f2.jpg,Sano,0
/kaggle/input/datasets/vann234/coffevision-grain-cls/Sano/healthy_bean-274-_jpg.rf.1cb3a742a9b62fcf0903cbad6527005d.jpg,Sano,0
/kaggle/input/datasets/vann234/coffevision-grain-cls/Sano/healthy_bean-278-_jpg.rf.f5dc57f188be39b434c18cf7114a3e17.jpg,Sano,0
/kaggle/input/datasets/vann234/coffevision-grain-cls/Danado/damaged_bean-629-_jpg.rf.5d3cf4ec344cf7052c8cc013c1c82ea1.jpg,Danado,1
/kaggle/input/datasets/vann234/coffevision-grain-cls/Sano/healthy_bean-364-_jpg.rf.ff72234541fbb3582605ea789bbf7201.jpg,Sano,0
/kaggle/input/datasets/vann234/coffevision-grain-cls/Sano/healthy_bean-384-_jpg.rf.41117cff9c3d7bd8ef3bb45e409f0ba0.jpg,Sano,0
/kaggle/input/datasets/vann234/coffevision-grain-cls/Danado/damaged_bean-487-_jpg.rf.9dc32a267ccfc1f4d15328775c3f440b.jpg,Danado,1
/kaggle/input/datasets/vann234/coffevision-grain-cls/Sano/healthy_bean-130-_jpg.rf.68525344839d651c7ce2580687b9c20d.jpg,Sano,0
/kaggle/input/datasets/vann234/coffevision-grain-cls/Sano/healthy_bean-294-_jpg.rf.eb451ce0c933de681f444b0da7116393.jpg,Sano,0
/kaggle/input/datasets/vann234/coffevision-grain-cls/Sano/healthy_bean-567-_jpg.rf.0ab71b5029fb138dc2737d804ad2e4c0.jpg,Sano,0
/kaggle/input/datasets/vann234/coffevision-grain-cls/Sano/healthy_bean-46-_jpg.rf.ef35536fbcdc313c12579178f7ecff69.jpg,Sano,0
/kaggle/input/datasets/vann234/coffevision-grain-cls/Danado/damaged_bean-315-_jpg.rf.24559e0e1a5d9808175560dc4216695e.jpg,Danado,1
/kaggle/input/datasets/vann234/coffevision-grain-cls/Sano/healthy_bean-6-_jpg.rf.4eeb637cd99947ac10679aff29382150.jpg,Sano,0
/kaggle/input/datasets/vann234/coffevision-grain-cls/Danado/damaged_bean-307-_jpg.rf.e64f8690a5231c350c676194925e863b.jpg,Danado,1
/kaggle/input/datasets/vann234/coffevision-grain-cls/Sano/healthy_bean-656-_jpg.rf.f38ca4d8197d4f21823bb08f8e26d929.jpg,Sano,0
/kaggle/input/datasets/vann234/coffevision-grain-cls/Danado/damaged_bean-200-_jpg.rf.0de9f7f426331539e009d7408c4a339e.jpg,Danado,1
/kaggle/input/datasets/vann234/coffevision-grain-cls/Danado/damaged_bean-587-_jpg.rf.beae0cf3fb72fd70527d825e19a83a59.jpg,Danado,1
/kaggle/input/datasets/vann234/coffevision-grain-cls/Sano/healthy_bean-213-_jpg.rf.59798c7ebbf9607ea069484f8078ae84.jpg,Sano,0
/kaggle/input/datasets/vann234/coffevision-grain-cls/Sano/IMG_20250610_010514_jpg.rf.7d2dc8cb9b15c6cd6bc4ad33fa01a488.jpg,Sano,0
/kaggle/input/datasets/vann234/coffevision-grain-cls/Sano/healthy_bean-597-_jpg.rf.49ca09046b4535363ded60ab9581d71d.jpg,Sano,0
/kaggle/input/datasets/vann234/coffevision-grain-cls/Sano/healthy_bean-314-_jpg.rf.df32004f92bd67b58016613adda14677.jpg,Sano,0
/kaggle/input/datasets/vann234/coffevision-grain-cls/Sano/healthy_bean-248-_jpg.rf.cbe87d1cfbe87d3590631ca83c8158a0.jpg,Sano,0
/kaggle/input/datasets/vann234/coffevision-grain-cls/Danado/damaged_bean-236-_jpg.rf.4be2be36e75be4f52ad7cca35ff1f590.jpg,Danado,1
/kaggle/input/datasets/vann234/coffevision-grain-cls/Sano/healthy_bean-623-_jpg.rf.496036317ff8758871da2077bad457f7.jpg,Sano,0
/kaggle/input/datasets/vann234/coffevision-grain-cls/Sano/healthy_bean-35-_jpg.rf.e9e612058b811fc3972297d14eb136bf.jpg,Sano,0
/kaggle/input/datasets/vann234/coffevision-grain-cls/Sano/IMG_20250610_003812_jpg.rf.9e154877e3f28b773f3a2e0c81ba3ac1.jpg,Sano,0
/kaggle/input/datasets/vann234/coffevision-grain-cls/Sano/_trashed-1752130011-IMG_20250610_004950_jpg.rf.12011fb8cfbb8ade16b7143426704a90.jpg,Sano,0
/kaggle/input/datasets/vann234/coffevision-grain-cls/Sano/healthy_bean-106-_jpg.rf.282a940235f8303c252b8ba96752e53c.jpg,Sano,0
/kaggle/input/datasets/vann234/coffevision-grain-cls/Danado/damaged_bean-691-_jpg.rf.4c246811b00b10411450af0dae57e003.jpg,Danado,1
/kaggle/input/datasets/vann234/coffevision-grain-cls/Sano/healthy_bean-277-_jpg.rf.e672966a3dd105c62418cf2857deba27.jpg,Sano,0
/kaggle/input/datasets/vann234/coffevision-grain-cls/Sano/healthy_bean-170-_jpg.rf.d38a23545efcbae9d23ba7fd79adf307.jpg,Sano,0
/kaggle/input/datasets/vann234/coffevision-grain-cls/Danado/damaged_bean-345-_jpg.rf.5a359ace6780de70b03db2678038f43b.jpg,Danado,1
/kaggle/input/datasets/vann234/coffevision-grain-cls/Sano/healthy_bean-493-_jpg.rf.574a8e8045463d5a7ab01efff438307c.jpg,Sano,0
/kaggle/input/datasets/vann234/coffevision-grain-cls/Danado/damaged_bean-415-_jpg.rf.8c421dc0639463ee262f318b1acb227d.jpg,Danado,1
/kaggle/input/datasets/vann234/coffevision-grain-cls/Danado/damaged_bean-674-_jpg.rf.ddad46efbbcde0f60485d1fbb284b912.jpg,Danado,1
/kaggle/input/datasets/vann234/coffevision-grain-cls/Sano/IMG_20250610_005748_jpg.rf.1f3df5501067e9f33250dd6c96013fbc.jpg,Sano,0
/kaggle/input/datasets/vann234/coffevision-grain-cls/Sano/healthy_bean-128-_jpg.rf.2c1c5f5a0656cd749cd33e83aee10338.jpg,Sano,0
/kaggle/input/datasets/vann234/coffevision-grain-cls/Danado/damaged_bean-460-_jpg.rf.8905d562f60c23e0c3ca56e80c665ad9.jpg,Danado,1
/kaggle/input/datasets/vann234/coffevision-grain-cls/Danado/damaged_bean-496-_jpg.rf.843210fbbea98e2f659ad90871d5c4e2.jpg,Danado,1
/kaggle/input/datasets/vann234/coffevision-grain-cls/Sano/IMG_20250609_232534_jpg.rf.f413e41448390c4862387d40baac673a.jpg,Sano,0
/kaggle/input/datasets/vann234/coffevision-grain-cls/Sano/healthy_bean-124-_jpg.rf.c3e73c7bd5b49bb4d8e30082c8541d4b.jpg,Sano,0
/kaggle/input/datasets/vann234/coffevision-grain-cls/Danado/damaged_bean-132-_jpg.rf.359ff3bbcd227a3c9dac973d319fdb90.jpg,Danado,1
/kaggle/input/datasets/vann234/coffevision-grain-cls/Danado/damaged_bean-681-_jpg.rf.6ed25b1a88e8ef61c958f955ad21c14d.jpg,Danado,1
/kaggle/input/datasets/vann234/coffevision-grain-cls/Sano/IMG_20250610_003852_jpg.rf.30e7aec5b2917e2d4b274a24123f3a43.jpg,Sano,0
/kaggle/input/datasets/vann234/coffevision-grain-cls/Danado/damaged_bean-77-_jpg.rf.58db3909f943ac3554d76c7b81a3fbfe.jpg,Danado,1
/kaggle/input/datasets/vann234/coffevision-grain-cls/Sano/IMG_20250610_005418_jpg.rf.06cba34b3ab40191830f7920d2b62716.jpg,Sano,0
/kaggle/input/datasets/vann234/coffevision-grain-cls/Sano/healthy_bean-97-_jpg.rf.c72f8ec0ac2049a283608c6534446bd6.jpg,Sano,0
/kaggle/input/datasets/vann234/coffevision-grain-cls/Sano/healthy_bean-445-_jpg.rf.8f5de0a60070ade264b207ea9eced3b7.jpg,Sano,0
/kaggle/input/datasets/vann234/coffevision-grain-cls/Sano/healthy_bean-662-_jpg.rf.5cd2dcd6d134114333e82b65afd272a3.jpg,Sano,0
/kaggle/input/datasets/vann234/coffevision-grain-cls/Sano/IMG_20250610_000458_jpg.rf.92a9734cbac4cc342537e9aad74e3508.jpg,Sano,0
/kaggle/input/datasets/vann234/coffevision-grain-cls/Sano/healthy_bean-527-_jpg.rf.f56aa806af89d08e8841a72792665ea8.jpg,Sano,0
/kaggle/input/datasets/vann234/coffevision-grain-cls/Sano/IMG_20250610_011105_jpg.rf.e3e8334803b15acb47219a90d30e0e3c.jpg,Sano,0
/kaggle/input/datasets/vann234/coffevision-grain-cls/Danado/damaged_bean-166-_jpg.rf.3725a533fd8fe7a786cd7317d023fed7.jpg,Danado,1
/kaggle/input/datasets/vann234/coffevision-grain-cls/Sano/IMG_20250610_010858_jpg.rf.7b6fe23f418983dfc1824ec050f417b6.jpg,Sano,0
/kaggle/input/datasets/vann234/coffevision-grain-cls/Danado/damaged_bean-285-_jpg.rf.67311b372c6a65f009817f1b0fd55418.jpg,Danado,1
/kaggle/input/datasets/vann234/coffevision-grain-cls/Sano/IMG_20250609_230314_jpg.rf.f28abe77623e51f7f4b58f0a38565dd7.jpg,Sano,0
/kaggle/input/datasets/vann234/coffevision-grain-cls/Sano/healthy_bean-646-_jpg.rf.21e0b7d85d81b9ea53612af660963140.jpg,Sano,0
/kaggle/input/datasets/vann234/coffevision-grain-cls/Sano/healthy_bean-595-_jpg.rf.b4a58896f140e45cc81d55de5a25ac76.jpg,Sano,0
/kaggle/input/datasets/vann234/coffevision-grain-cls/Danado/damaged_bean-110-_jpg.rf.c39b6c949abb8aa2372962a89114b1f1.jpg,Danado,1
/kaggle/input/datasets/vann234/coffevision-grain-cls/Danado/damaged_bean-265-_jpg.rf.a8d52335e751dd2eab8db53a5df50f6c.jpg,Danado,1
/kaggle/input/datasets/vann234/coffevision-grain-cls/Sano/healthy_bean-474-_jpg.rf.66c4cd939d1c97b0b57b9c41f72f951e.jpg,Sano,0
/kaggle/input/datasets/vann234/coffevision-grain-cls/Danado/damaged_bean-319-_jpg.rf.757cd162999e75cf57ae81ef09b49dcf.jpg,Danado,1
/kaggle/input/datasets/vann234/coffevision-grain-cls/Sano/healthy_bean-104-_jpg.rf.7e7852c6f71ce81162cfd73b4e377067.jpg,Sano,0
/kaggle/input/datasets/vann234/coffevision-grain-cls/Sano/healthy_bean-378-_jpg.rf.f2ca670bd06cb6214d35034dc1ad7708.jpg,Sano,0
/kaggle/input/datasets/vann234/coffevision-grain-cls/Sano/healthy_bean-434-_jpg.rf.72976f0788a97682256784b14f45a570.jpg,Sano,0
/kaggle/input/datasets/vann234/coffevision-grain-cls/Danado/damaged_bean-320-_jpg.rf.6e37cbeb7030a9a5d95c8f10574fee2e.jpg,Danado,1
/kaggle/input/datasets/vann234/coffevision-grain-cls/Sano/IMG_20250610_011705_jpg.rf.52cee07fd9fdd1855538eb124b1edff4.jpg,Sano,0
/kaggle/input/datasets/vann234/coffevision-grain-cls/Sano/healthy_bean-316-_jpg.rf.b247ea9e9458bcdf565aa04c5ef85a0d.jpg,Sano,0
/kaggle/input/datasets/vann234/coffevision-grain-cls/Sano/healthy_bean-491-_jpg.rf.5aa6b63b279ca2ee462e29f50b686240.jpg,Sano,0
/kaggle/input/datasets/vann234/coffevision-grain-cls/Danado/damaged_bean-290-_jpg.rf.370c85aac22134f0624662ef8ced2e3c.jpg,Danado,1
/kaggle/input/datasets/vann234/coffevision-grain-cls/Sano/healthy_bean-420-_jpg.rf.19b8fcdaf8c1435d75082ff70e231302.jpg,Sano,0
/kaggle/input/datasets/vann234/coffevision-grain-cls/Sano/IMG_20250610_005555_jpg.rf.b51acd4d7484399223f3fb0bfe597c7e.jpg,Sano,0
/kaggle/input/datasets/vann234/coffevision-grain-cls/Sano/healthy_bean-65-_jpg.rf.f2465fce00e8e7b86d1d6742090997b8.jpg,Sano,0
/kaggle/input/datasets/vann234/coffevision-grain-cls/Danado/damaged_bean-474-_jpg.rf.2ff5c9f7b59f2c5cd0216c08b84db70b.jpg,Danado,1
/kaggle/input/datasets/vann234/coffevision-grain-cls/Sano/healthy_bean-391-_jpg.rf.1dac5c5b8180829afa242459b96123a7.jpg,Sano,0
/kaggle/input/datasets/vann234/coffevision-grain-cls/Danado/damaged_bean-505-_jpg.rf.83c4ee2d8ef03b4eaad07f33693de08f.jpg,Danado,1
/kaggle/input/datasets/vann234/coffevision-grain-cls/Danado/damaged_bean-158-_jpg.rf.273bbf29bfa646e02ff63e3eed735be7.jpg,Danado,1
/kaggle/input/datasets/vann234/coffevision-grain-cls/Danado/damaged_bean-455-_jpg.rf.2697f6b99e3d3fda949250de75dec67e.jpg,Danado,1
/kaggle/input/datasets/vann234/coffevision-grain-cls/Danado/damaged_bean-176-_jpg.rf.ca59f8f53a0fb3e23f06e9b02f9c18fe.jpg,Danado,1
/kaggle/input/datasets/vann234/coffevision-grain-cls/Sano/healthy_bean-632-_jpg.rf.51217f82c248424d2aee6b0e376971e9.jpg,Sano,0
/kaggle/input/datasets/vann234/coffevision-grain-cls/Danado/damaged_bean-207-_jpg.rf.754a889c0d72f5dc270fe8ecb3726c5c.jpg,Danado,1
/kaggle/input/datasets/vann234/coffevision-grain-cls/Sano/IMG_20250610_000142_jpg.rf.ba50275ed81cff5d6116294272882d81.jpg,Sano,0
/kaggle/input/datasets/vann234/coffevision-grain-cls/Sano/IMG_20250610_000352_jpg.rf.9daf82349e0b89e5fe9e95698dbb3f52.jpg,Sano,0
/kaggle/input/datasets/vann234/coffevision-grain-cls/Sano/healthy_bean-588-_jpg.rf.efa6d3fc269576161ca38e9c8a76292b.jpg,Sano,0
/kaggle/input/datasets/vann234/coffevision-grain-cls/Sano/healthy_bean-564-_jpg.rf.5840364f1930443e5843bbc08834d30f.jpg,Sano,0
/kaggle/input/datasets/vann234/coffevision-grain-cls/Sano/healthy_bean-41-_jpg.rf.b807d7b7bb58f1aab540e3d80098c266.jpg,Sano,0
/kaggle/input/datasets/vann234/coffevision-grain-cls/Sano/healthy_bean-680-_jpg.rf.5616d28a26eb3431c8160b577e32d83e.jpg,Sano,0
/kaggle/input/datasets/vann234/coffevision-grain-cls/Sano/healthy_bean-504-_jpg.rf.295d0d0aa83b8d0f496f1581c10c068e.jpg,Sano,0
/kaggle/input/datasets/vann234/coffevision-grain-cls/Sano/healthy_bean-647-_jpg.rf.bd4cdb5be20c7afdc445c91608fece50.jpg,Sano,0
/kaggle/input/datasets/vann234/coffevision-grain-cls/Danado/damaged_bean-595-_jpg.rf.e7a51efbd69e564f087adc30aa227c93.jpg,Danado,1
/kaggle/input/datasets/vann234/coffevision-grain-cls/Danado/damaged_bean-306-_jpg.rf.da92e51f7bc491f5cf76ee3daaac5fdf.jpg,Danado,1
/kaggle/input/datasets/vann234/coffevision-grain-cls/Sano/_trashed-1752130062-IMG_20250610_011856_jpg.rf.2f8a06c761bbb51158c4ff3345bdd00d.jpg,Sano,0
/kaggle/input/datasets/vann234/coffevision-grain-cls/Danado/damaged_bean-278-_jpg.rf.b9c0ab7a3ba72f640989d9c365920381.jpg,Danado,1
/kaggle/input/datasets/vann234/coffevision-grain-cls/Sano/IMG_20250609_233722_jpg.rf.007d08b643c72e07a98bf6b59cd07b10.jpg,Sano,0
/kaggle/input/datasets/vann234/coffevision-grain-cls/Sano/healthy_bean-415-_jpg.rf.ad9af0afdec8705b741c804e646fa050.jpg,Sano,0
/kaggle/input/datasets/vann234/coffevision-grain-cls/Sano/healthy_bean-616-_jpg.rf.17a662a0a02ee1a8f8263ce0d0342b6c.jpg,Sano,0
/kaggle/input/datasets/vann234/coffevision-grain-cls/Danado/damaged_bean-170-_jpg.rf.0108296928b78655dbab65b237d4fca0.jpg,Danado,1
/kaggle/input/datasets/vann234/coffevision-grain-cls/Sano/_trashed-1752129887-IMG_20250610_004437_jpg.rf.cb6d25e6d3120255a00bd3814b3d9316.jpg,Sano,0
/kaggle/input/datasets/vann234/coffevision-grain-cls/Danado/damaged_bean-70-_jpg.rf.1a687e29ef0d1b1bc22660597363673f.jpg,Danado,1
/kaggle/input/datasets/vann234/coffevision-grain-cls/Sano/healthy_bean-225-_jpg.rf.b3deea2f5e41aa923d35b88b274ded9b.jpg,Sano,0
/kaggle/input/datasets/vann234/coffevision-grain-cls/Danado/damaged_bean-150-_jpg.rf.6d175177ee0471fa3bab95ad8f6f16fb.jpg,Danado,1
/kaggle/input/datasets/vann234/coffevision-grain-cls/Sano/healthy_bean-69-_jpg.rf.271077df8b904a4bb4bd5b23bb15750a.jpg,Sano,0
/kaggle/input/datasets/vann234/coffevision-grain-cls/Sano/healthy_bean-84-_jpg.rf.25d20efa75c818e8e8f4f83401b603da.jpg,Sano,0
/kaggle/input/datasets/vann234/coffevision-grain-cls/Danado/damaged_bean-169-_jpg.rf.07938e8ae7ffeddf38022b4928bb1a98.jpg,Danado,1
/kaggle/input/datasets/vann234/coffevision-grain-cls/Sano/healthy_bean-299-_jpg.rf.c50c42ed8b36e71bdaccec49493d7369.jpg,Sano,0
/kaggle/input/datasets/vann234/coffevision-grain-cls/Danado/damaged_bean-638-_jpg.rf.a3f3c8ecca346b6174f5af972b6286c4.jpg,Danado,1
/kaggle/input/datasets/vann234/coffevision-grain-cls/Sano/healthy_bean-95-_jpg.rf.b4666feef8ecad8388f29918b897340e.jpg,Sano,0
/kaggle/input/datasets/vann234/coffevision-grain-cls/Sano/healthy_bean-255-_jpg.rf.692fe8e5b52b2f49615e35252763daa7.jpg,Sano,0
/kaggle/input/datasets/vann234/coffevision-grain-cls/Danado/damaged_bean-81-_jpg.rf.e9969aa8ab6004f52477a5807a1a3923.jpg,Danado,1
/kaggle/input/datasets/vann234/coffevision-grain-cls/Sano/healthy_bean-515-_jpg.rf.3dc10f5555d8d505696d49e44a184a37.jpg,Sano,0
/kaggle/input/datasets/vann234/coffevision-grain-cls/Sano/healthy_bean-245-_jpg.rf.fd7561ad08c030f0b3e223d4e7a43a03.jpg,Sano,0
/kaggle/input/datasets/vann234/coffevision-grain-cls/Sano/healthy_bean-414-_jpg.rf.20d4db228316c50f99bf1cf7e1ca1003.jpg,Sano,0
/kaggle/input/datasets/vann234/coffevision-grain-cls/Sano/healthy_bean-510-_jpg.rf.1a8d8b59a3adb9b216b7de82e10723de.jpg,Sano,0
/kaggle/input/datasets/vann234/coffevision-grain-cls/Danado/damaged_bean-12-_jpg.rf.cd8bbd4f03b81bcc06f9c04af9357516.jpg,Danado,1
/kaggle/input/datasets/vann234/coffevision-grain-cls/Danado/damaged_bean-604-_jpg.rf.cd43103edb9aadd2a4dce618932c4cb5.jpg,Danado,1
/kaggle/input/datasets/vann234/coffevision-grain-cls/Danado/_trashed-1752129257-IMG_20250609_230409_jpg.rf.87012629fa0ee1de5f0e01e2bca3d581.jpg,Danado,1
/kaggle/input/datasets/vann234/coffevision-grain-cls/Danado/damaged_bean-610-_jpg.rf.8e8b65d4c817c2a34843507f7e8210da.jpg,Danado,1
/kaggle/input/datasets/vann234/coffevision-grain-cls/Sano/healthy_bean-428-_jpg.rf.a309d59fc724b185d8698a6d8b3f301c.jpg,Sano,0
/kaggle/input/datasets/vann234/coffevision-grain-cls/Sano/healthy_bean-300-_jpg.rf.9f8ebc3edf62a07d471272a5d33750a0.jpg,Sano,0
/kaggle/input/datasets/vann234/coffevision-grain-cls/Sano/healthy_bean-107-_jpg.rf.b915f614db375bb5e82e5449ae57a616.jpg,Sano,0
/kaggle/input/datasets/vann234/coffevision-grain-cls/Sano/healthy_bean-242-_jpg.rf.566330277e31e4025144572ad1fda8c3.jpg,Sano,0
